target_id,target_source,target_title,target_published_at,candidate_id,candidate_source,candidate_title,candidate_published_at,similarity,similarity_band,event_label
14631,ABC Color,Bomberos advierten sobre hundimiento del asfalto sobre ruta PY06 en Trinidad - Economía - ABC Color,2026-09-19 21:00:00-03:00,15492,ABC Color,San Ignacio: OCM reclama asistencia tras la inundación de campo comunal - Economía - ABC Color,2026-09-20 21:00:00-03:00,0.8096,low,
14814,ABC Color,Vayan a mi viña - Opinión - ABC Color,2026-09-19 21:00:00-03:00,14557,Última Hora,Los obreros de la viña,2026-09-19 21:00:00-03:00,0.8835,middle,
14814,ABC Color,Vayan a mi viña - Opinión - ABC Color,2026-09-19 21:00:00-03:00,14794,Amambay News,"""La gente busca un trabajo digno"": Valenzuela llama a mirar la realidad de quienes buscan oportunidades - Amambay News",2026-09-19 21:00:00-03:00,0.8293,low,
14814,ABC Color,Vayan a mi viña - Opinión - ABC Color,2026-09-19 21:00:00-03:00,14726,Última Hora,"Cardenal Martínez insta a los jóvenes a sembrar amor, honestidad y esperanza",2026-09-19 21:00:00-03:00,0.8065,low,
14819,ABC Color,Reunión Asoban-Peña: Dionisio Borda advierte sobre riesgo de concentración y pide preservar la institucionalidad del BCP - Economía - ABC Color,2026-09-20 21:00:00-03:00,15470,Última Hora,Analista sugiere cambios en el BCP para recuperar confianza en el sector financiero,2026-09-20 21:00:00-03:00,0.9045,high,
14819,ABC Color,Reunión Asoban-Peña: Dionisio Borda advierte sobre riesgo de concentración y pide preservar la institucionalidad del BCP - Economía - ABC Color,2026-09-20 21:00:00-03:00,15511,Diario Paraguayo Noticias,Análisis de preocupaciones del sistema bancario paraguayo | Diario Paraguayo,2026-09-20 21:00:00-03:00,0.9004,high,
14819,ABC Color,Reunión Asoban-Peña: Dionisio Borda advierte sobre riesgo de concentración y pide preservar la institucionalidad del BCP - Economía - ABC Color,2026-09-20 21:00:00-03:00,14818,ABC Color,Advierten diferencias contables en los registros de fondos públicos en banco - Política - ABC Color,2026-09-20 21:00:00-03:00,0.8903,middle,
14819,ABC Color,Reunión Asoban-Peña: Dionisio Borda advierte sobre riesgo de concentración y pide preservar la institucionalidad del BCP - Economía - ABC Color,2026-09-20 21:00:00-03:00,15165,ABC Color,Senador denuncia “favoritismo fuerte y grosero” hacia Ueno Bank y exige transparencia al BCP - Política - ABC Color,2026-09-20 21:00:00-03:00,0.8813,middle,
14822,ABC Color,Miguel Prieto: “Honor Colorado está usando al BCP como garrote” - Política - ABC Color,2026-09-20 21:00:00-03:00,15329,ABC Color,Juicio de Miguel Prieto: Defensas cuestionan a fiscal por su falta de objetividad - Política - ABC Color,2026-09-20 21:00:00-03:00,0.862,middle,
14822,ABC Color,Miguel Prieto: “Honor Colorado está usando al BCP como garrote” - Política - ABC Color,2026-09-20 21:00:00-03:00,15165,ABC Color,Senador denuncia “favoritismo fuerte y grosero” hacia Ueno Bank y exige transparencia al BCP - Política - ABC Color,2026-09-20 21:00:00-03:00,0.8503,middle,
14822,ABC Color,Miguel Prieto: “Honor Colorado está usando al BCP como garrote” - Política - ABC Color,2026-09-20 21:00:00-03:00,14622,ABC Color,Filizzola acusa a Peña y al cartismo de poner en riesgo los fondos públicos y del IPS - Política - ABC Color,2026-09-19 21:00:00-03:00,0.8497,low,
14822,ABC Color,Miguel Prieto: “Honor Colorado está usando al BCP como garrote” - Política - ABC Color,2026-09-20 21:00:00-03:00,15421,Amambay News,Caso Tía Chela: tensión en pleno juicio entre fiscal y defensa de Miguel Prieto - Amambay News,2026-09-20 21:00:00-03:00,0.8405,low,
14837,ABC Color,"Francia considera ""real y documentada"" la amenaza de guerra híbrida rusa - Mundo - ABC Color",2026-09-20 21:00:00-03:00,15134,La Tribuna,Drones ucranianos golpean Moscú ante el cierre electoral de Putin,2026-09-20 21:00:00-03:00,0.8266,low,
14837,ABC Color,"Francia considera ""real y documentada"" la amenaza de guerra híbrida rusa - Mundo - ABC Color",2026-09-20 21:00:00-03:00,14757,Pedro Juan Digital,Rusia asegura que el intento de Kiev de atacar Moscú durante los comicios legislativos no tuvo éxito,2026-09-19 21:00:00-03:00,0.8234,low,
14837,ABC Color,"Francia considera ""real y documentada"" la amenaza de guerra híbrida rusa - Mundo - ABC Color",2026-09-20 21:00:00-03:00,14809,ABC Color,El partido de Putin se perfila ganador en elecciones rusas marcadas por ataque ucraniano - Mundo - ABC Color,2026-09-19 21:00:00-03:00,0.7948,very_low,
15164,ABC Color,Batalla de Boquerón: ¿se traslada al lunes el feriado del 29 de setiembre? - Viajes - ABC Color,2026-09-20 21:00:00-03:00,15296,Resumen de Noticias,Feriado por Batalla de Boquerón pasa al lunes 28 de septiembre,2026-09-20 21:00:00-03:00,0.9729,very_high,
15328,ABC Color,"El río Paraná alcanza 3,67 m y proyectan descenso en Ayolas - Nacionales - ABC Color",2026-09-20 21:00:00-03:00,14831,ABC Color,Río Paraguay sigue descendiendo en zona de Concepción - Clima - ABC Color,2026-09-20 21:00:00-03:00,0.8929,middle,
15328,ABC Color,"El río Paraná alcanza 3,67 m y proyectan descenso en Ayolas - Nacionales - ABC Color",2026-09-20 21:00:00-03:00,15315,ABC Color,"Río Paraguay sigue en descenso, pero riesgo de inundaciones por El Niño se mantiene - Nacionales - ABC Color",2026-09-20 21:00:00-03:00,0.8921,middle,
15328,ABC Color,"El río Paraná alcanza 3,67 m y proyectan descenso en Ayolas - Nacionales - ABC Color",2026-09-20 21:00:00-03:00,15439,Resumen de Noticias,"RÃo Paraguay baja, pero persiste riesgo de inundaciones",2026-09-20 21:00:00-03:00,0.8805,middle,
15328,ABC Color,"El río Paraná alcanza 3,67 m y proyectan descenso en Ayolas - Nacionales - ABC Color",2026-09-20 21:00:00-03:00,15468,ABC Color,Crecida del Paraná pone en riesgo a pequeños ganaderos en Cerrito - Economía - ABC Color,2026-09-20 21:00:00-03:00,0.8366,low,
15486,ABC Color,Suba de combustible: ¿llegará el aumento a los precios de los supermercados? - Negocios - ABC Color,2026-09-20 21:00:00-03:00,15340,Última Hora,Transportistas preocupados por costo del combustible: “Es difícil llevar el pan a nuestros hogares”,2026-09-20 21:00:00-03:00,0.876,middle,
15486,ABC Color,Suba de combustible: ¿llegará el aumento a los precios de los supermercados? - Negocios - ABC Color,2026-09-20 21:00:00-03:00,15434,La Nación,La Nación / Transportistas manifiestan complicado panorama a causa del alto costo del combustible,2026-09-20 21:00:00-03:00,0.8726,middle,
15486,ABC Color,Suba de combustible: ¿llegará el aumento a los precios de los supermercados? - Negocios - ABC Color,2026-09-20 21:00:00-03:00,15251,Amambay News,Petropar anticipó nueva suba y transportistas expresaron preocupación - Amambay News,2026-09-20 21:00:00-03:00,0.8426,low,
15486,ABC Color,Suba de combustible: ¿llegará el aumento a los precios de los supermercados? - Negocios - ABC Color,2026-09-20 21:00:00-03:00,15502,Telefuturo,Preocupación ante escalada del precio del combustible,2026-09-20 21:00:00-03:00,0.8217,low,
15548,ABC Color,Acceso al país por el Puente de la Amistad se encuentra en deplorable estado por los baches - ABC en el Este - ABC Color,2026-09-20 21:00:00-03:00,15138,Megacadena,"Puente de Integración sigue lejos de una apertura total, según Director de Migraciones",2026-09-20 21:00:00-03:00,0.8391,low,
15548,ABC Color,Acceso al país por el Puente de la Amistad se encuentra en deplorable estado por los baches - ABC en el Este - ABC Color,2026-09-20 21:00:00-03:00,15208,adn,No hay fecha fija para habilitación total del Puente de la Integración - ADN Digital,2026-09-20 21:00:00-03:00,0.834,low,
15548,ABC Color,Acceso al país por el Puente de la Amistad se encuentra en deplorable estado por los baches - ABC en el Este - ABC Color,2026-09-20 21:00:00-03:00,15516,Diario Paraguayo Noticias,Puente de la Integración avanza con apertura gradual | Diario Paraguayo,2026-09-20 21:00:00-03:00,0.8318,low,
15548,ABC Color,Acceso al país por el Puente de la Amistad se encuentra en deplorable estado por los baches - ABC en el Este - ABC Color,2026-09-20 21:00:00-03:00,15184,La Nación,La Nación / La habilitación del Puente de la Integración avanza por etapas acordadas con Brasil,2026-09-20 21:00:00-03:00,0.8172,low,
14796,Amambay News,Paraguay duplica las pruebas de VIH y agiliza inicio de los tratamientos en todo el país - Amambay News,2026-09-19 21:00:00-03:00,14615,adn,Paraguay supera las 350.000 pruebas de VIH y avanza en el tratamiento temprano - ADN Digital,2026-09-19 21:00:00-03:00,0.9212,high,
14796,Amambay News,Paraguay duplica las pruebas de VIH y agiliza inicio de los tratamientos en todo el país - Amambay News,2026-09-19 21:00:00-03:00,14946,La Tribuna,Sistema de salud realiza 371.000 pruebas de VIH al año en Paraguay,2026-09-20 21:00:00-03:00,0.8795,middle,
15235,Crónica,Se hicieron pasar por polis y pelaron una vivienda,2026-09-20 21:00:00-03:00,14828,ABC Color,"Vestidos de policías, asaltan vivienda en busca de dinero del accidente aéreo de Prosegur - ABC en el Este - ABC Color",2026-09-20 21:00:00-03:00,0.9275,high,
15235,Crónica,Se hicieron pasar por polis y pelaron una vivienda,2026-09-20 21:00:00-03:00,14967,Megacadena,Asalto tipo comando en Minga Guazú: golpearon a un hombre y se llevaron millonario botín,2026-09-20 21:00:00-03:00,0.9255,high,
15235,Crónica,Se hicieron pasar por polis y pelaron una vivienda,2026-09-20 21:00:00-03:00,15027,Ahora CDE,Encapuchados armados asaltan una vivienda y exigen dinero vinculado al accidente aéreo de Prosegur,2026-09-20 21:00:00-03:00,0.9195,high,
15235,Crónica,Se hicieron pasar por polis y pelaron una vivienda,2026-09-20 21:00:00-03:00,15081,Itapúa en Noticias,MINGA GUAZÚ: FALSOS POLICÍAS SE LLEVAN G. 15 MILLONES Y R$ 5.000 TRAS VIOLENTO ASALTO,2026-09-20 21:00:00-03:00,0.9098,high,
14784,Diario Paraguayo Noticias,Primavera 2026: llega el 22 de septiembre en Paraguay | Diario Paraguayo,2026-09-19 21:00:00-03:00,14772,La Nación,"La Nación / ¿No es mañana?: todos celebran la primavera el 21, pero este año llegará un día después",2026-09-19 21:00:00-03:00,0.9751,very_high,
14784,Diario Paraguayo Noticias,Primavera 2026: llega el 22 de septiembre en Paraguay | Diario Paraguayo,2026-09-19 21:00:00-03:00,14932,Resumen de Noticias,Primavera y juventud: una tradición que une a Paraguay,2026-09-20 21:00:00-03:00,0.7867,very_low,
14999,Diario Paraguayo Noticias,EE. UU. y China establecen diálogo sobre IA | Diario Paraguayo,2026-09-20 21:00:00-03:00,14638,Diario Paraguayo Noticias,China y EEUU afinan visita de Xi con tregua comercial en juego | Diario Paraguayo,2026-09-19 21:00:00-03:00,0.9221,high,
14999,Diario Paraguayo Noticias,EE. UU. y China establecen diálogo sobre IA | Diario Paraguayo,2026-09-20 21:00:00-03:00,14952,La Tribuna,China busca con EE.UU. salvar la tregua antes de la cumbre Xi-Trump en Washington,2026-09-20 21:00:00-03:00,0.9092,high,
14999,Diario Paraguayo Noticias,EE. UU. y China establecen diálogo sobre IA | Diario Paraguayo,2026-09-20 21:00:00-03:00,15337,Última Hora,"Xi Jinping hará una visita de Estado a EEUU del 23 al 25 de septiembre, confirma China",2026-09-20 21:00:00-03:00,0.8739,middle,
14999,Diario Paraguayo Noticias,EE. UU. y China establecen diálogo sobre IA | Diario Paraguayo,2026-09-20 21:00:00-03:00,14840,ABC Color,China confirma que Xi Jinping visitará EE.UU. esta semana - Mundo - ABC Color,2026-09-20 21:00:00-03:00,0.862,middle,
15147,Diario Paraguayo Noticias,Dinelco amplía opciones de pago para comercios | Diario Paraguayo,2026-09-20 21:00:00-03:00,14986,Diario Paraguayo Noticias,Dinelco amplía las opciones de pago para comercios con su nueva campaña | Diario Paraguayo,2026-09-20 21:00:00-03:00,0.9937,very_high,
15147,Diario Paraguayo Noticias,Dinelco amplía opciones de pago para comercios | Diario Paraguayo,2026-09-20 21:00:00-03:00,14883,Última Hora,Dinelco amplía las opciones de pago para comercios con su nueva campaña,2026-09-20 21:00:00-03:00,0.9738,very_high,
14603,El Independiente,Paraguay se encuentra en un punto de inflexión histórica,2026-09-19 21:00:00-03:00,15359,5Días,Paraguay atrae más capital extranjero y cambia su perfil de inversión,2026-09-20 21:00:00-03:00,0.8071,low,
14603,El Independiente,Paraguay se encuentra en un punto de inflexión histórica,2026-09-19 21:00:00-03:00,15470,Última Hora,Analista sugiere cambios en el BCP para recuperar confianza en el sector financiero,2026-09-20 21:00:00-03:00,0.7894,very_low,
14603,El Independiente,Paraguay se encuentra en un punto de inflexión histórica,2026-09-19 21:00:00-03:00,14601,El Independiente,De pirata a enclave del lujo,2026-09-19 21:00:00-03:00,0.7879,very_low,
15453,El Observador,Defensa de Rivas considera excesiva la pena solicitada de 12 años - El Observador,2026-09-20 21:00:00-03:00,15352,NPY,Fiscalía solicita 12 años de prisión para el exsenador colorado Hernán Rivas,2026-09-20 21:00:00-03:00,0.8982,middle,
15453,El Observador,Defensa de Rivas considera excesiva la pena solicitada de 12 años - El Observador,2026-09-20 21:00:00-03:00,15450,Crónica,Fiscalía pide 12 años para Hernán Rivas por el caso del supuesto título falso,2026-09-20 21:00:00-03:00,0.8958,middle,
15453,El Observador,Defensa de Rivas considera excesiva la pena solicitada de 12 años - El Observador,2026-09-20 21:00:00-03:00,15312,ABC Color,Fiscalía pide 12 años de cárcel para Hernán Rivas por su título falso de abogado - Nacionales - ABC Color,2026-09-20 21:00:00-03:00,0.8897,middle,
15453,El Observador,Defensa de Rivas considera excesiva la pena solicitada de 12 años - El Observador,2026-09-20 21:00:00-03:00,15378,Megacadena,"Fiscalía pide 12 años de prisión para Hernán Rivas por su título ""trucho"" de abogado",2026-09-20 21:00:00-03:00,0.885,middle,
15007,Extra,¡Descontrol! Aspirantes a policía salieron de farra y volvieron apintonadas,2026-09-20 21:00:00-03:00,15063,Oviedo Press,Ocho hinchas de Olimpia dieron positivo al alcotest durante operativo en el Defensores - OviedoPress,2026-09-20 21:00:00-03:00,0.8011,low,
15007,Extra,¡Descontrol! Aspirantes a policía salieron de farra y volvieron apintonadas,2026-09-20 21:00:00-03:00,14974,Popular,Popular / Poli de la Caminera ligó sapatu plantilla râicha,2026-09-20 21:00:00-03:00,0.7842,very_low,
14675,Itapúa en Noticias,TRES PERSONAS ABANDONAN ANIMAL VACUNO TRAS HUIR DE LA POLICÍA EN ALTO VERÁ,2026-09-19 21:00:00-03:00,15073,Concepción al Día,Faenan una vaca preñada en estancia de San Carlos del Apa - Concepción al Día,2026-09-20 21:00:00-03:00,0.8316,low,
14675,Itapúa en Noticias,TRES PERSONAS ABANDONAN ANIMAL VACUNO TRAS HUIR DE LA POLICÍA EN ALTO VERÁ,2026-09-19 21:00:00-03:00,15077,Itapúa en Noticias,“CAZAN” CAMIONETAS EN ITAPÚA Y LAS ESCONDEN EN CAAZAPÁ,2026-09-20 21:00:00-03:00,0.7939,very_low,
15355,Itapúa en Noticias,"AGUAS DANZANTES, BUS TURÍSTICO Y LA RECUPERACIÓN DE LA ZONA BAJA: LAS PROPUESTAS DE NOVOSAD",2026-09-20 21:00:00-03:00,15271,Itapúa en Noticias,CARLOS PEREIRA PRESENTÓ UNA AGENDA LEGISLATIVA Y ASUMIÓ COMPROMISOS DE CAMPAÑA,2026-09-20 21:00:00-03:00,0.8597,middle,
15355,Itapúa en Noticias,"AGUAS DANZANTES, BUS TURÍSTICO Y LA RECUPERACIÓN DE LA ZONA BAJA: LAS PROPUESTAS DE NOVOSAD",2026-09-20 21:00:00-03:00,15462,Itapúa en Noticias,CARLOS PEREIRA QUIERE MÁS OPORTUNIDADES PARA LOS JÓVENES EN ENCARNACIÓN,2026-09-20 21:00:00-03:00,0.8333,low,
15355,Itapúa en Noticias,"AGUAS DANZANTES, BUS TURÍSTICO Y LA RECUPERACIÓN DE LA ZONA BAJA: LAS PROPUESTAS DE NOVOSAD",2026-09-20 21:00:00-03:00,15080,Itapúa en Noticias,"EMPLEO, INDUSTRIAS Y ADULTOS MAYORES MARCAN LA VISIÓN DE FUTURO PARA CAMBYRETÁ",2026-09-20 21:00:00-03:00,0.8247,low,
15355,Itapúa en Noticias,"AGUAS DANZANTES, BUS TURÍSTICO Y LA RECUPERACIÓN DE LA ZONA BAJA: LAS PROPUESTAS DE NOVOSAD",2026-09-20 21:00:00-03:00,15444,Megacadena,Santiago Peña se reúne con empresarios para impulsar proyecto en la Costanera Norte,2026-09-20 21:00:00-03:00,0.8147,low,
14564,La Nación,"La Nación / En Capiatá, 95 parejas dan el “sí” y suman más de 7.100 bodas comunitarias",2026-09-19 21:00:00-03:00,14647,Diario Paraguayo Noticias,"En Capiatá, 95 parejas dan el “sí” y suman más de 7.100 bodas comunitarias | Diario Paraguayo",2026-09-19 21:00:00-03:00,0.9895,very_high,
14564,La Nación,"La Nación / En Capiatá, 95 parejas dan el “sí” y suman más de 7.100 bodas comunitarias",2026-09-19 21:00:00-03:00,14664,Diario Paraguayo Noticias,95 parejas formalizaron unión en Capiatá | Diario Paraguayo,2026-09-19 21:00:00-03:00,0.9769,very_high,
14564,La Nación,"La Nación / En Capiatá, 95 parejas dan el “sí” y suman más de 7.100 bodas comunitarias",2026-09-19 21:00:00-03:00,14563,Última Hora,"Constanza y Carlos dieron el sí, quiero",2026-09-19 21:00:00-03:00,0.8058,low,
14770,La Nación,"La Nación / IA, desinfodemia y Sun Tzu",2026-09-19 21:00:00-03:00,15568,5Días,"El dilema de la IA ya no es cómo frenarla, sino quién la controla",2026-09-20 21:00:00-03:00,0.8852,middle,
14770,La Nación,"La Nación / IA, desinfodemia y Sun Tzu",2026-09-19 21:00:00-03:00,15357,5Días,La IA acelera más rápido que la economía que debe sostenerla,2026-09-20 21:00:00-03:00,0.811,low,
14770,La Nación,"La Nación / IA, desinfodemia y Sun Tzu",2026-09-19 21:00:00-03:00,14640,Diario Paraguayo Noticias,¿Se puede “apagar” una inteligencia artificial? | Diario Paraguayo,2026-09-19 21:00:00-03:00,0.8059,low,
14770,La Nación,"La Nación / IA, desinfodemia y Sun Tzu",2026-09-19 21:00:00-03:00,14660,Diario Paraguayo Noticias,¿Es posible detener una inteligencia artificial? | Diario Paraguayo,2026-09-19 21:00:00-03:00,0.8043,low,
15183,La Nación,La Nación / Peña anuncia nuevas oportunidades de formación y experiencia laboral para jóvenes,2026-09-20 21:00:00-03:00,15200,Resumen de Noticias,ANDE habilita concurso para incorporar 230 aprendices,2026-09-20 21:00:00-03:00,0.9172,high,
15183,La Nación,La Nación / Peña anuncia nuevas oportunidades de formación y experiencia laboral para jóvenes,2026-09-20 21:00:00-03:00,15410,Crónica,ANDE habilita 230 plazas para aprendices,2026-09-20 21:00:00-03:00,0.9137,high,
15183,La Nación,La Nación / Peña anuncia nuevas oportunidades de formación y experiencia laboral para jóvenes,2026-09-20 21:00:00-03:00,14968,Megacadena,Ministra admite el primer empleo sigue siendo un desafío y apuntan a más oportunidades para jóvenes,2026-09-20 21:00:00-03:00,0.8812,middle,
15183,La Nación,La Nación / Peña anuncia nuevas oportunidades de formación y experiencia laboral para jóvenes,2026-09-20 21:00:00-03:00,15133,adn,Gobierno prepara planes de trabajo para los jóvenes - ADN Digital,2026-09-20 21:00:00-03:00,0.8723,middle,
15189,La Nación,La Nación / Hurto y violencia familiar: los delitos que acorralan a la juventud paraguaya,2026-09-20 21:00:00-03:00,14825,ABC Color,Día de la Juventud: hurto y violencia familiar encabezan los delitos cometidos por jóvenes en Paraguay - Nacionales - ABC Color,2026-09-20 21:00:00-03:00,0.9766,very_high,
15189,La Nación,La Nación / Hurto y violencia familiar: los delitos que acorralan a la juventud paraguaya,2026-09-20 21:00:00-03:00,15203,Resumen de Noticias,¿Cuáles son los delitos que más involucran a jóvenes?,2026-09-20 21:00:00-03:00,0.9533,very_high,
15189,La Nación,La Nación / Hurto y violencia familiar: los delitos que acorralan a la juventud paraguaya,2026-09-20 21:00:00-03:00,15262,Oviedo Press,Hurto y violencia familiar concentran la mayor presencia de jóvenes entre investigados - OviedoPress,2026-09-20 21:00:00-03:00,0.9351,high,
15291,La Nación,La Nación / Rigo Chamorro agasajará a la juventud esteña con un festival estelar y gratuito,2026-09-20 21:00:00-03:00,15392,Diario Paraguayo Noticias,Festival de la Juventud en Ciudad del Este - 27 de sept | Diario Paraguayo,2026-09-20 21:00:00-03:00,0.9476,high,
15291,La Nación,La Nación / Rigo Chamorro agasajará a la juventud esteña con un festival estelar y gratuito,2026-09-20 21:00:00-03:00,15102,Más Encarnación,"Color, Baile y Alegría marcaron la celebración de la Juventud y la Primavera en Encarnación",2026-09-20 21:00:00-03:00,0.8393,low,
15291,La Nación,La Nación / Rigo Chamorro agasajará a la juventud esteña con un festival estelar y gratuito,2026-09-20 21:00:00-03:00,14932,Resumen de Noticias,Primavera y juventud: una tradición que une a Paraguay,2026-09-20 21:00:00-03:00,0.8283,low,
15291,La Nación,La Nación / Rigo Chamorro agasajará a la juventud esteña con un festival estelar y gratuito,2026-09-20 21:00:00-03:00,15152,Diario Paraguayo Noticias,Municipalidad de Asunción invita a jornada para jóvenes | Diario Paraguayo,2026-09-20 21:00:00-03:00,0.8174,low,
15292,La Nación,La Nación / MAG prevé 8 ferias de la agricultura familiar en la semana de la primavera,2026-09-20 21:00:00-03:00,15394,Diario Paraguayo Noticias,MAG realizará 8 ferias de agricultura familiar | Diario Paraguayo,2026-09-20 21:00:00-03:00,0.9853,very_high,
15292,La Nación,La Nación / MAG prevé 8 ferias de la agricultura familiar en la semana de la primavera,2026-09-20 21:00:00-03:00,15130,Resumen de Noticias,¿Dónde serán las ferias agrícolas esta semana?,2026-09-20 21:00:00-03:00,0.9633,very_high,
15345,La Nación,La Nación / Fiscalía solicitó 12 años de prisión para Rivas,2026-09-20 21:00:00-03:00,15459,Amambay News,Fiscalía pide 12 años de cárcel para Hernán Rivas por ser “abogado falso” - Amambay News,2026-09-20 21:00:00-03:00,0.9126,high,
15345,La Nación,La Nación / Fiscalía solicitó 12 años de prisión para Rivas,2026-09-20 21:00:00-03:00,14965,Megacadena,Fiscalía inicia alegatos finales y asegura que acusación contra Hernán Rivas quedó acreditada,2026-09-20 21:00:00-03:00,0.9031,high,
15345,La Nación,La Nación / Fiscalía solicitó 12 años de prisión para Rivas,2026-09-20 21:00:00-03:00,15453,El Observador,Defensa de Rivas considera excesiva la pena solicitada de 12 años - El Observador,2026-09-20 21:00:00-03:00,0.8962,middle,
15345,La Nación,La Nación / Fiscalía solicitó 12 años de prisión para Rivas,2026-09-20 21:00:00-03:00,14875,Última Hora,Parlamentarios están expectantes ante la sentencia en el caso Rivas,2026-09-20 21:00:00-03:00,0.8926,middle,
15215,Megacadena,Blanca Ovelar cuestiona a las supervisiones pedagógicas tras los resultados de pruebas PISA,2026-09-20 21:00:00-03:00,15420,Amambay News,Blanca Ovelar cuestiona las supervisiones pedagógicas y pide asumir la “complejidad” de la crisis educativa - Amambay News,2026-09-20 21:00:00-03:00,0.9352,high,
15215,Megacadena,Blanca Ovelar cuestiona a las supervisiones pedagógicas tras los resultados de pruebas PISA,2026-09-20 21:00:00-03:00,14764,La Nación,La Nación / PISA 2025: Nancy Ovelar urge acompañar al docente y enfocar en la lectura,2026-09-19 21:00:00-03:00,0.8849,middle,
15215,Megacadena,Blanca Ovelar cuestiona a las supervisiones pedagógicas tras los resultados de pruebas PISA,2026-09-20 21:00:00-03:00,14765,La Nación,La Nación / PISA 2025: especialista urge cambios metodológicos ante rezago en Paraguay,2026-09-19 21:00:00-03:00,0.805,low,
15215,Megacadena,Blanca Ovelar cuestiona a las supervisiones pedagógicas tras los resultados de pruebas PISA,2026-09-20 21:00:00-03:00,15557,Última Hora,Banco Mundial pide recuperar aprendizajes básicos y evitar abandono escolar,2026-09-20 21:00:00-03:00,0.7987,very_low,
15088,Más Encarnación,Alertan sobre infartos a edades cada vez más tempranas,2026-09-20 21:00:00-03:00,15255,Amambay News,Alertan sobre infartos a edades cada vez más tempranas - Amambay News,2026-09-20 21:00:00-03:00,0.9737,very_high,
15096,Más Encarnación,Conductor en presunto estado de ebriedad es aprehendido por escándalo y resistencia en barrio San Roque,2026-09-20 21:00:00-03:00,15025,Ahora CDE,Detienen a conductor tras embestir una patrullera durante operativo por polución sonora,2026-09-20 21:00:00-03:00,0.8842,middle,
15096,Más Encarnación,Conductor en presunto estado de ebriedad es aprehendido por escándalo y resistencia en barrio San Roque,2026-09-20 21:00:00-03:00,15237,Crónica,Tatácho al volante ojapo sarambi en Luque,2026-09-20 21:00:00-03:00,0.8374,low,
15096,Más Encarnación,Conductor en presunto estado de ebriedad es aprehendido por escándalo y resistencia en barrio San Roque,2026-09-20 21:00:00-03:00,15038,TN Press,Persecución policial termina con un chofer borracho detenido en el centro de Minga G.,2026-09-20 21:00:00-03:00,0.8345,low,
15096,Más Encarnación,Conductor en presunto estado de ebriedad es aprehendido por escándalo y resistencia en barrio San Roque,2026-09-20 21:00:00-03:00,14963,Megacadena,Sin licencia y alcoholizado: Chofer con antecedentes queda preso tras chocar 4 veces en Luque,2026-09-20 21:00:00-03:00,0.8131,low,
15099,Más Encarnación,Mujer es aprehendida tras dañar a pedradas una bodega en Encarnación,2026-09-20 21:00:00-03:00,15083,Itapúa en Noticias,APREHENDEN A MUJER TRAS PRESUNTAMENTE CAUSAR DAÑOS EN UNA BODEGA DE ENCARNACIÓN,2026-09-20 21:00:00-03:00,0.9294,high,
15099,Más Encarnación,Mujer es aprehendida tras dañar a pedradas una bodega en Encarnación,2026-09-20 21:00:00-03:00,15227,Extra,Joven armó un sarambi y atacó a piedrazos el negocio de su novio de 56 años,2026-09-20 21:00:00-03:00,0.9159,high,
15099,Más Encarnación,Mujer es aprehendida tras dañar a pedradas una bodega en Encarnación,2026-09-20 21:00:00-03:00,15093,Más Encarnación,Hombre con dos órdenes de captura por hurto agravado es detenido tras agredir a su pareja en Tomás Romero Pereira,2026-09-20 21:00:00-03:00,0.7904,very_low,
15099,Más Encarnación,Mujer es aprehendida tras dañar a pedradas una bodega en Encarnación,2026-09-20 21:00:00-03:00,15193,NPY,Mujer fue brutalmente golpeada y su actual pareja es el principal sospechoso,2026-09-20 21:00:00-03:00,0.7867,very_low,
15160,Más Encarnación,Transferencia por error: alertan sobre maniobra delictiva,2026-09-20 21:00:00-03:00,14927,Resumen de Noticias,Transferencia por error: alertan sobre maniobra delictiva,2026-09-20 21:00:00-03:00,0.9876,very_high,
15275,Más Encarnación,Aspirantes a Suboficiales de la Policía celebran la primavera y la juventud con competencias deportivas en Itapúa,2026-09-20 21:00:00-03:00,15173,ABC Color,Comunidades rurales de Lima se unen mediante el deporte y reclaman un polideportivo - Nacionales - ABC Color,2026-09-20 21:00:00-03:00,0.8304,low,
15510,Popular,Popular / (VIDEO) ¡Venden guiso a lo paraguayoité en salones chuchis de yanquilandia!,2026-09-20 21:00:00-03:00,14977,Popular,Popular / Oiko ñemenda guasu de 95 parejas,2026-09-20 21:00:00-03:00,0.8947,middle,
15510,Popular,Popular / (VIDEO) ¡Venden guiso a lo paraguayoité en salones chuchis de yanquilandia!,2026-09-20 21:00:00-03:00,15226,Extra,Joven salteño vende sopa paraguaya con la receta que le dio su abuela,2026-09-20 21:00:00-03:00,0.8346,low,
15510,Popular,Popular / (VIDEO) ¡Venden guiso a lo paraguayoité en salones chuchis de yanquilandia!,2026-09-20 21:00:00-03:00,15232,Crónica,Nuestro vori vori sigue mandando en el mundo 😋,2026-09-20 21:00:00-03:00,0.8207,low,
15510,Popular,Popular / (VIDEO) ¡Venden guiso a lo paraguayoité en salones chuchis de yanquilandia!,2026-09-20 21:00:00-03:00,15136,Megacadena,El vorí vorí vuelve a ser elegido como la mejor sopa del mundo,2026-09-20 21:00:00-03:00,0.804,low,
15202,Resumen de Noticias,El Vorí vorí vuelve a ser número uno entre las sopas del mundo,2026-09-20 21:00:00-03:00,15158,Itapúa en Noticias,VORÍ VORÍ VUELVE A CONQUISTAR EL PRIMER LUGAR ENTRE LAS MEJORES SOPAS DEL MUNDO,2026-09-20 21:00:00-03:00,0.9765,very_high,
15202,Resumen de Noticias,El Vorí vorí vuelve a ser número uno entre las sopas del mundo,2026-09-20 21:00:00-03:00,15353,Concepción al Día,El vori vori vuelve a ser reconocido como el mejor plato del mundo - Concepción al Día,2026-09-20 21:00:00-03:00,0.9457,high,
15202,Resumen de Noticias,El Vorí vorí vuelve a ser número uno entre las sopas del mundo,2026-09-20 21:00:00-03:00,15232,Crónica,Nuestro vori vori sigue mandando en el mundo 😋,2026-09-20 21:00:00-03:00,0.9298,high,
15202,Resumen de Noticias,El Vorí vorí vuelve a ser número uno entre las sopas del mundo,2026-09-20 21:00:00-03:00,15226,Extra,Joven salteño vende sopa paraguaya con la receta que le dio su abuela,2026-09-20 21:00:00-03:00,0.814,low,
14676,Ñanduti,"Juventud paraguaya: 1,5 millones enfrentan informalidad, pobreza y el desafío de acceder a más oportunidades",2026-09-19 21:00:00-03:00,15316,ABC Color,"Día de la Juventud: desempleo golpea con más fuerza a menores de 25 años, revela MTESS - Economía - ABC Color",2026-09-20 21:00:00-03:00,0.8943,middle,
14676,Ñanduti,"Juventud paraguaya: 1,5 millones enfrentan informalidad, pobreza y el desafío de acceder a más oportunidades",2026-09-19 21:00:00-03:00,15248,Ahora CDE,"En Paraguay el 24,7% de la población tiene entre 15 y 29 años de edad",2026-09-20 21:00:00-03:00,0.8917,middle,
14676,Ñanduti,"Juventud paraguaya: 1,5 millones enfrentan informalidad, pobreza y el desafío de acceder a más oportunidades",2026-09-19 21:00:00-03:00,15300,Megacadena,El acceso al primer empleo formal continúa siendo uno de los principales desafíos para los jóvenes en Paraguay,2026-09-20 21:00:00-03:00,0.8869,middle,
14676,Ñanduti,"Juventud paraguaya: 1,5 millones enfrentan informalidad, pobreza y el desafío de acceder a más oportunidades",2026-09-19 21:00:00-03:00,15529,Itapúa en Noticias,MERCADO LABORAL JUVENIL REGISTRA AVANCES EN FORMALIZACIÓN,2026-09-20 21:00:00-03:00,0.8816,middle,
15478,Ñanduti,Ministerio de la Mujer repudia denuncias de acoso sexual y violencia digital que afectan a estudiantes de la UNA,2026-09-20 21:00:00-03:00,15556,Última Hora,Denuncia de acoso en la UNA: Piden no difundir imágenes,2026-09-20 21:00:00-03:00,0.9632,very_high,
15478,Ñanduti,Ministerio de la Mujer repudia denuncias de acoso sexual y violencia digital que afectan a estudiantes de la UNA,2026-09-20 21:00:00-03:00,15549,Última Hora,UNA: Investigan denuncias de acoso a estudiantes de varias facultades y unidades académicas,2026-09-20 21:00:00-03:00,0.9296,high,
15478,Ñanduti,Ministerio de la Mujer repudia denuncias de acoso sexual y violencia digital que afectan a estudiantes de la UNA,2026-09-20 21:00:00-03:00,14820,ABC Color,Día de la Juventud: cómo protegerse del ciberacoso y el grooming - Policiales - ABC Color,2026-09-20 21:00:00-03:00,0.7826,very_low,
15538,Ñanduti,Peña viaja con comitiva de 13 personas a EE.UU.: el decreto no revela cuánto costará la numerosa misión oficial,2026-09-20 21:00:00-03:00,15543,ABC Color,Peña se reúne en Nueva York con empresarios que pretenden “transformar” la Costanera Norte - Política - ABC Color,2026-09-20 21:00:00-03:00,0.8473,low,
15538,Ñanduti,Peña viaja con comitiva de 13 personas a EE.UU.: el decreto no revela cuánto costará la numerosa misión oficial,2026-09-20 21:00:00-03:00,14942,adn,Peña cumple agenda empresarial en Nueva York antes de la Asamblea de la ONU - ADN Digital,2026-09-20 21:00:00-03:00,0.8443,low,
15538,Ñanduti,Peña viaja con comitiva de 13 personas a EE.UU.: el decreto no revela cuánto costará la numerosa misión oficial,2026-09-20 21:00:00-03:00,14888,La Nación,La Nación / Santiago Peña inicia intensa agenda en Nueva York antes del debate en la ONU,2026-09-20 21:00:00-03:00,0.836,low,
15538,Ñanduti,Peña viaja con comitiva de 13 personas a EE.UU.: el decreto no revela cuánto costará la numerosa misión oficial,2026-09-20 21:00:00-03:00,14920,El Independiente,Peña tiene ocho encuentros económicos antes del debate de Naciones Unidas,2026-09-20 21:00:00-03:00,0.8224,low,
14549,Última Hora,Golpe,2026-09-19 21:00:00-03:00,14554,Última Hora,La rebelión de los ahijados traza el futuro del cartismo,2026-09-19 21:00:00-03:00,0.8962,middle,
14549,Última Hora,Golpe,2026-09-19 21:00:00-03:00,15205,Resumen de Noticias,Alliana asume el gobierno ante fractura interna en HC,2026-09-20 21:00:00-03:00,0.8713,middle,
14549,Última Hora,Golpe,2026-09-19 21:00:00-03:00,14856,Última Hora,Alliana asume mando en ausencia de Peña y en plena crisis en HC,2026-09-20 21:00:00-03:00,0.8625,middle,
14549,Última Hora,Golpe,2026-09-19 21:00:00-03:00,15493,Última Hora,Cartes no se pronuncia y esta semana se podría dar una reunión con Alliana,2026-09-20 21:00:00-03:00,0.8567,middle,
14550,Última Hora,La cuenta de la canilla abierta,2026-09-19 21:00:00-03:00,14763,La Nación,La Nación / Economistas coinciden en un reajuste de presupuesto y replanteamiento tributario a futuro,2026-09-19 21:00:00-03:00,0.8811,middle,
14550,Última Hora,La cuenta de la canilla abierta,2026-09-19 21:00:00-03:00,14859,Última Hora,"PGN 2027: Advierten de más gasto y deuda, con menor margen fiscal",2026-09-20 21:00:00-03:00,0.8473,low,
14550,Última Hora,La cuenta de la canilla abierta,2026-09-19 21:00:00-03:00,15071,QAP Chaco News,PGN 2027: más gasto bajo presión fiscal - QAP CHACO NEWS,2026-09-20 21:00:00-03:00,0.8325,low,
14561,Última Hora,"Telefuturo: Vive la Vida celebra 23 años, TF Stream 2 y estrena Calle 7: Al Límite",2026-09-19 21:00:00-03:00,15402,Extra,¡Sanie y Rubén celebran los 23 años con Vive la Vida!,2026-09-20 21:00:00-03:00,0.8316,low,
14561,Última Hora,"Telefuturo: Vive la Vida celebra 23 años, TF Stream 2 y estrena Calle 7: Al Límite",2026-09-19 21:00:00-03:00,15404,Extra,Kiara Coronel festeja los 2 años de TF Stream: “Somos los únicos con conductores preparados”,2026-09-20 21:00:00-03:00,0.8261,low,
14561,Última Hora,"Telefuturo: Vive la Vida celebra 23 años, TF Stream 2 y estrena Calle 7: Al Límite",2026-09-19 21:00:00-03:00,15389,Diario Paraguayo Noticias,Latele cumple 18 años con nueva sede y tecnología | Diario Paraguayo,2026-09-20 21:00:00-03:00,0.8085,low,
14561,Última Hora,"Telefuturo: Vive la Vida celebra 23 años, TF Stream 2 y estrena Calle 7: Al Límite",2026-09-19 21:00:00-03:00,14885,Última Hora,2007 Oniria celebra su primer galardón,2026-09-20 21:00:00-03:00,0.7854,very_low,
14862,Última Hora,El gran negocio de la marihuana se expande en las áreas protegidas,2026-09-20 21:00:00-03:00,15460,Amambay Ahora,Incineran más de cuatro toneladas de marihuana en Pedro Juan halladas en Capitán Bado,2026-09-20 21:00:00-03:00,0.8023,low,
14862,Última Hora,El gran negocio de la marihuana se expande en las áreas protegidas,2026-09-20 21:00:00-03:00,15067,Oviedo Press,Operativos en Brasil dejan cuatro paraguayos detenidos y más de 3.400 kilos de marihuana - OviedoPress,2026-09-20 21:00:00-03:00,0.7896,very_low,
14862,Última Hora,El gran negocio de la marihuana se expande en las áreas protegidas,2026-09-20 21:00:00-03:00,14749,Última Hora,Caen dos sujetos que transportaban más de dos toneladas de marihuana en Amambay,2026-09-19 21:00:00-03:00,0.786,very_low,
14866,Última Hora,"El Papa se verá con Milei, visitará una cárcel y oficiará misa multitudinaria en Argentina",2026-09-20 21:00:00-03:00,15161,Digital Misiones,"El Papa se verá con Milei, visitará una cárcel y oficiará misa multitudinaria en Argentina",2026-09-20 21:00:00-03:00,0.9874,very_high,
14866,Última Hora,"El Papa se verá con Milei, visitará una cárcel y oficiará misa multitudinaria en Argentina",2026-09-20 21:00:00-03:00,15163,ABC Color,"El papa León XIV en América del Sur: 11 días, 14 ciudades, 35 discursos y 9 misas - Mundo - ABC Color",2026-09-20 21:00:00-03:00,0.9007,high,
14866,Última Hora,"El Papa se verá con Milei, visitará una cárcel y oficiará misa multitudinaria en Argentina",2026-09-20 21:00:00-03:00,15575,adn,"El Vaticano publicó el itinerario del papa León XIV durante su gira por Uruguay, Argentina y Perú - ADN Digital",2026-09-20 21:00:00-03:00,0.8898,middle,
14874,Última Hora,Jóvenes denuncian injusticias y reclaman oportunidades reales,2026-09-20 21:00:00-03:00,14724,ABC Color,Jóvenes alzan su voz y reclaman protagonismo en la Iglesia y la sociedad - Nacionales - ABC Color,2026-09-19 21:00:00-03:00,0.9537,very_high,
14874,Última Hora,Jóvenes denuncian injusticias y reclaman oportunidades reales,2026-09-20 21:00:00-03:00,14623,ABC Color,"Iglesia llama a jóvenes a no entregar la patria a quienes siembran “muerte, violencia y corrupción” - Nacionales - ABC Color",2026-09-19 21:00:00-03:00,0.8897,middle,
14874,Última Hora,Jóvenes denuncian injusticias y reclaman oportunidades reales,2026-09-20 21:00:00-03:00,14726,Última Hora,"Cardenal Martínez insta a los jóvenes a sembrar amor, honestidad y esperanza",2026-09-19 21:00:00-03:00,0.8383,low,
14874,Última Hora,Jóvenes denuncian injusticias y reclaman oportunidades reales,2026-09-20 21:00:00-03:00,15041,TN Press,El compromiso de la juventud hará florecer al Paraguay,2026-09-20 21:00:00-03:00,0.8006,low,
15180,Última Hora,El diseñador paraguayo Simón Villalba es reconocido como Mejor Diseñador en Nueva York,2026-09-20 21:00:00-03:00,14781,Diario Paraguayo Noticias,Simón Villalba: Primer Mejor Diseñador Paraguayo | Diario Paraguayo,2026-09-19 21:00:00-03:00,0.9559,very_high,
15180,Última Hora,El diseñador paraguayo Simón Villalba es reconocido como Mejor Diseñador en Nueva York,2026-09-20 21:00:00-03:00,14584,La Nación,La Nación / Un paraguayo es elegido Mejor Diseñador de la Temporada en la New York Fashion Week,2026-09-19 21:00:00-03:00,0.9559,very_high,
15180,Última Hora,El diseñador paraguayo Simón Villalba es reconocido como Mejor Diseñador en Nueva York,2026-09-20 21:00:00-03:00,15234,Crónica,"¡Oita paraguayito! Compatriota ligó premiazo en el NY Fashion Week, apenami",2026-09-20 21:00:00-03:00,0.9226,high,
15550,Última Hora,"Titular del BCP, Baruja y Marco Riquelme integran la comitiva de Peña en EEUU",2026-09-20 21:00:00-03:00,15148,Diario Paraguayo Noticias,Baruja ratifica potestad de Alliana para elegir dupla | Diario Paraguayo,2026-09-20 21:00:00-03:00,0.8923,middle,
15550,Última Hora,"Titular del BCP, Baruja y Marco Riquelme integran la comitiva de Peña en EEUU",2026-09-20 21:00:00-03:00,14609,adn,"Es Alliana quien debe elegir a su dupla, según Baruja - ADN Digital",2026-09-19 21:00:00-03:00,0.8915,middle,
15550,Última Hora,"Titular del BCP, Baruja y Marco Riquelme integran la comitiva de Peña en EEUU",2026-09-20 21:00:00-03:00,15205,Resumen de Noticias,Alliana asume el gobierno ante fractura interna en HC,2026-09-20 21:00:00-03:00,0.8913,middle,
15550,Última Hora,"Titular del BCP, Baruja y Marco Riquelme integran la comitiva de Peña en EEUU",2026-09-20 21:00:00-03:00,14988,Diario Paraguayo Noticias,Baruja ratifica la potestad de Alliana para la elección de su dupla tras las municipales | Diario Paraguayo,2026-09-20 21:00:00-03:00,0.8887,middle,
