article_id,url,old_published_at,new_published_at,raw_metadata,status,error
2353,https://www.masencarnacion.com/articulo/eby-inicia-entrega-de-recursos-para-apoyo-pequenos-productores-de-itapua,2026-07-01T21:00:00-03:00,,,NO_PRECISE_DATE_CLEARED,
2354,https://www.masencarnacion.com/articulo/llega-paseo-repsur-la-operacion-primavera-que-vuele-todo,2026-05-07T21:00:00-03:00,,,NO_PRECISE_DATE_CLEARED,
2355,https://www.masencarnacion.com/articulo/pillan-marihuana-vip-procedente-de-estados-unidos,2026-09-01T21:00:00-03:00,,,NO_PRECISE_DATE_CLEARED,
2356,https://www.masencarnacion.com/articulo/brutal-asalto-atacaron-con-machete-adolescente-para-quitarle-el-celular,2026-09-01T21:00:00-03:00,,,NO_PRECISE_DATE_CLEARED,
2357,https://www.masencarnacion.com/articulo/renuncian-20-medicos-al-hospital-de-cde-y-25-de-san-pablo,2026-09-01T21:00:00-03:00,,,NO_PRECISE_DATE_CLEARED,
2358,https://www.masencarnacion.com/articulo/impulsan-el-handball-en-san-isidro-con-una-escuela-totalmente-gratuita,2026-09-01T21:00:00-03:00,,,NO_PRECISE_DATE_CLEARED,
2359,https://www.masencarnacion.com/articulo/avanzan-las-obras-de-la-ruta-py18-entre-cruce-kimex-y-kressburgo,2026-08-30T21:00:00-03:00,,,NO_PRECISE_DATE_CLEARED,
2360,https://www.masencarnacion.com/articulo/inflacion-de-agosto-cierra-en-0-y-mantiene-tendencia-la-baja-en-2026,2026-08-30T21:00:00-03:00,,,NO_PRECISE_DATE_CLEARED,
2361,https://www.masencarnacion.com/articulo/aprehenden-un-hombre-y-recuperan-una-garrafa-presuntamente-hurtada-en-cambyreta,2026-09-01T21:00:00-03:00,,,NO_PRECISE_DATE_CLEARED,
2362,https://www.masencarnacion.com/articulo/impulsan-proyecto-para-endurecer-penas-contra-maltratadores-de-animales,2026-09-01T21:00:00-03:00,,,NO_PRECISE_DATE_CLEARED,
