article_id,assigned_event_id,decision,retrieved_neighbors,scored_pairs,candidate_events,accepted_candidate_events,max_pair_probability,best_candidate_event_id,best_candidate_event_probability,selected_event_probability,strong_matches,support_matches,selected_event_previous_size
14545,1,new_event,0,0,0,0,,,,,0,0,0
14546,2,new_event,0,0,0,0,,,,,0,0,0
14547,3,new_event,0,0,0,0,,,,,0,0,0
14548,4,new_event,0,0,0,0,,,,,0,0,0
14549,5,new_event,0,0,0,0,,,,,0,0,0
14550,6,new_event,0,0,0,0,,,,,0,0,0
14551,7,new_event,0,0,0,0,,,,,0,0,0
14552,8,new_event,2,2,2,0,0.00628261815714678,5.0,0.00628261815714678,,0,0,0
14553,9,new_event,0,0,0,0,,,,,0,0,0
14554,10,new_event,2,2,2,0,0.6031998977017583,5.0,0.6031998977017583,,0,0,0
14555,11,new_event,0,0,0,0,,,,,0,0,0
14556,12,new_event,0,0,0,0,,,,,0,0,0
14557,13,new_event,0,0,0,0,,,,,0,0,0
14558,14,new_event,0,0,0,0,,,,,0,0,0
14559,15,new_event,0,0,0,0,,,,,0,0,0
14560,16,new_event,0,0,0,0,,,,,0,0,0
14561,17,new_event,0,0,0,0,,,,,0,0,0
14562,18,new_event,0,0,0,0,,,,,0,0,0
14563,19,new_event,1,1,1,0,0.17666099538594973,18.0,0.17666099538594973,,0,0,0
14564,20,new_event,1,1,1,0,0.011485950752107921,19.0,0.011485950752107921,,0,0,0
14565,21,new_event,0,0,0,0,,,,,0,0,0
14566,22,new_event,2,2,2,0,0.0019902261931902046,10.0,0.0019902261931902046,,0,0,0
14567,23,new_event,0,0,0,0,,,,,0,0,0
14568,24,new_event,0,0,0,0,,,,,0,0,0
14569,25,new_event,0,0,0,0,,,,,0,0,0
14570,26,new_event,0,0,0,0,,,,,0,0,0
14571,27,new_event,0,0,0,0,,,,,0,0,0
14572,28,new_event,0,0,0,0,,,,,0,0,0
14573,29,new_event,0,0,0,0,,,,,0,0,0
14574,30,new_event,0,0,0,0,,,,,0,0,0
14576,31,new_event,0,0,0,0,,,,,0,0,0
14577,32,new_event,4,4,4,0,0.026214454555795675,22.0,0.026214454555795675,,0,0,0
14578,33,new_event,0,0,0,0,,,,,0,0,0
14579,34,new_event,0,0,0,0,,,,,0,0,0
14580,35,new_event,0,0,0,0,,,,,0,0,0
14581,36,new_event,0,0,0,0,,,,,0,0,0
14582,37,new_event,0,0,0,0,,,,,0,0,0
14583,38,new_event,0,0,0,0,,,,,0,0,0
14584,39,new_event,0,0,0,0,,,,,0,0,0
14587,40,new_event,0,0,0,0,,,,,0,0,0
14588,41,new_event,0,0,0,0,,,,,0,0,0
14589,42,new_event,0,0,0,0,,,,,0,0,0
14590,43,new_event,0,0,0,0,,,,,0,0,0
14593,44,new_event,0,0,0,0,,,,,0,0,0
14594,45,new_event,0,0,0,0,,,,,0,0,0
14595,46,new_event,0,0,0,0,,,,,0,0,0
14596,47,new_event,0,0,0,0,,,,,0,0,0
14597,48,new_event,1,1,1,0,0.0014052066977866958,11.0,0.0014052066977866958,,0,0,0
14598,49,new_event,1,1,1,0,0.004227635512199498,48.0,0.004227635512199498,,0,0,0
14600,50,new_event,0,0,0,0,,,,,0,0,0
14601,51,new_event,1,1,1,0,0.001639646974452056,34.0,0.001639646974452056,,0,0,0
14602,52,new_event,0,0,0,0,,,,,0,0,0
14603,53,new_event,4,4,4,0,0.009385345260962385,2.0,0.009385345260962385,,0,0,0
14604,54,new_event,2,2,2,0,0.8406560351512606,44.0,0.8406560351512606,,0,0,0
14605,35,existing_event,1,1,1,1,0.9413820096379628,35.0,0.9413820096379628,0.9413820096379628,1,1,1
14606,37,existing_event,1,1,1,1,0.9737538308898214,37.0,0.9737538308898214,0.9737538308898214,1,1,1
14607,55,new_event,1,1,1,0,0.010308543091947099,22.0,0.010308543091947099,,0,0,0
14608,56,new_event,1,1,1,0,0.0018136739242645213,31.0,0.0018136739242645213,,0,0,0
14609,57,new_event,4,4,4,0,0.2327955639164711,10.0,0.2327955639164711,,0,0,0
14610,58,new_event,0,0,0,0,,,,,0,0,0
14611,59,new_event,0,0,0,0,,,,,0,0,0
14612,60,new_event,2,2,2,0,0.015154852002122613,22.0,0.015154852002122613,,0,0,0
14613,61,new_event,5,5,5,0,0.12729881659893472,60.0,0.12729881659893472,,0,0,0
14614,62,new_event,0,0,0,0,,,,,0,0,0
14615,63,new_event,0,0,0,0,,,,,0,0,0
14616,64,new_event,1,1,1,0,0.001405295963353761,33.0,0.001405295963353761,,0,0,0
14617,65,new_event,1,1,1,0,0.0009763289962829919,35.0,0.0009763289962829919,,0,0,0
14618,66,new_event,2,2,2,0,0.014730485064251108,65.0,0.014730485064251108,,0,0,0
14619,67,new_event,0,0,0,0,,,,,0,0,0
14620,68,new_event,0,0,0,0,,,,,0,0,0
14622,69,new_event,3,3,3,0,0.08280085741117767,10.0,0.08280085741117767,,0,0,0
14623,70,new_event,0,0,0,0,,,,,0,0,0
14624,71,new_event,2,2,1,0,0.017488008653179066,37.0,0.017488008653179066,,0,0,0
14625,72,new_event,0,0,0,0,,,,,0,0,0
14626,73,new_event,0,0,0,0,,,,,0,0,0
14627,74,new_event,2,2,1,0,0.0063524317919827775,35.0,0.0063524317919827775,,0,0,0
14628,75,new_event,2,2,2,0,0.04188021321300591,65.0,0.04188021321300591,,0,0,0
14629,76,new_event,0,0,0,0,,,,,0,0,0
14630,77,new_event,8,8,8,0,0.2965974390550287,32.0,0.2965974390550287,,0,0,0
14631,78,new_event,1,1,1,0,0.0023383856288006796,1.0,0.0023383856288006796,,0,0,0
14633,79,new_event,0,0,0,0,,,,,0,0,0
14634,80,new_event,0,0,0,0,,,,,0,0,0
14635,81,new_event,0,0,0,0,,,,,0,0,0
14636,82,new_event,2,2,2,0,0.0048299005128664245,69.0,0.0048299005128664245,,0,0,0
14637,83,new_event,0,0,0,0,,,,,0,0,0
14638,84,new_event,1,1,1,0,0.011218140581671077,49.0,0.011218140581671077,,0,0,0
14639,85,new_event,0,0,0,0,,,,,0,0,0
14640,86,new_event,0,0,0,0,,,,,0,0,0
14641,14,existing_event,1,1,1,1,0.997946414933452,14.0,0.997946414933452,0.997946414933452,1,1,1
14642,87,new_event,3,3,2,0,0.7187514418045239,37.0,0.7187514418045239,,0,0,0
14643,32,existing_event,12,12,12,1,0.9995365058211721,32.0,0.9995365058211721,0.9995365058211721,1,1,1
14644,79,existing_event,1,1,1,1,0.9986299503466671,79.0,0.9986299503466671,0.9986299503466671,1,1,1
14645,31,existing_event,2,2,2,1,0.9996410986452936,31.0,0.9996410986452936,0.9996410986452936,1,1,1
14646,21,existing_event,1,1,1,1,0.9987131813395378,21.0,0.9987131813395378,0.9987131813395378,1,1,1
14647,20,existing_event,3,3,3,1,0.999470635500979,20.0,0.999470635500979,0.999470635500979,1,1,1
14648,88,new_event,0,0,0,0,,,,,0,0,0
14649,89,new_event,0,0,0,0,,,,,0,0,0
14650,90,new_event,0,0,0,0,,,,,0,0,0
14651,91,new_event,7,7,6,0,0.45681591797783766,82.0,0.45681591797783766,,0,0,0
14652,92,new_event,0,0,0,0,,,,,0,0,0
14653,93,new_event,0,0,0,0,,,,,0,0,0
14654,94,new_event,0,0,0,0,,,,,0,0,0
14655,95,new_event,0,0,0,0,,,,,0,0,0
14656,96,new_event,1,1,1,0,0.0011713593520917055,68.0,0.0011713593520917055,,0,0,0
14657,97,new_event,0,0,0,0,,,,,0,0,0
14658,84,existing_event,2,2,2,1,0.9986468593193895,84.0,0.9986468593193895,0.9986468593193895,1,1,1
14659,85,existing_event,1,1,1,1,0.9990460419211133,85.0,0.9990460419211133,0.9990460419211133,1,1,1
14660,86,existing_event,2,2,2,1,0.9890706034205259,86.0,0.9890706034205259,0.9890706034205259,1,1,1
14661,32,existing_event,14,14,13,1,0.9990004096648043,32.0,0.9990004096648043,0.9990004096648043,2,2,2
14662,79,existing_event,2,2,1,1,0.9926912081713362,79.0,0.9926912081713362,0.9926912081713362,2,2,2
14663,31,existing_event,2,2,1,1,0.9998293352287596,31.0,0.9998293352287596,0.9998293352287596,2,2,2
14664,20,existing_event,4,4,3,1,0.9996610439949019,20.0,0.9996610439949019,0.9996610439949019,2,2,2
14665,79,existing_event,4,4,2,1,0.9668693749848142,79.0,0.9668693749848142,0.9668693749848142,3,3,3
14666,98,new_event,1,1,1,0,0.0015528332755466094,88.0,0.0015528332755466094,,0,0,0
14667,99,new_event,15,15,13,0,0.5484850993435274,57.0,0.5484850993435274,,0,0,0
14668,54,existing_event,3,3,3,2,0.9528760270972464,54.0,0.9528760270972464,0.9528760270972464,1,1,1
14669,100,new_event,1,1,1,0,0.0022210929646136576,22.0,0.0022210929646136576,,0,0,0
14670,101,new_event,0,0,0,0,,,,,0,0,0
14671,102,new_event,4,4,4,0,0.08051696673901129,65.0,0.08051696673901129,,0,0,0
14672,14,existing_event,2,2,1,1,0.99974004656324,14.0,0.99974004656324,0.99974004656324,2,2,2
14673,103,new_event,1,1,1,0,0.12442439995756442,64.0,0.12442439995756442,,0,0,0
14674,104,new_event,1,1,1,0,0.006079402485985084,96.0,0.006079402485985084,,0,0,0
14675,105,new_event,1,1,1,0,0.005171158205549813,104.0,0.005171158205549813,,0,0,0
14676,106,new_event,0,0,0,0,,,,,0,0,0
14677,77,existing_event,13,13,11,1,0.9299192236240565,77.0,0.9299192236240565,0.9299192236240565,1,1,1
14678,107,new_event,0,0,0,0,,,,,0,0,0
14679,108,new_event,2,2,2,0,0.0012875022919353616,88.0,0.0012875022919353616,,0,0,0
14680,109,new_event,5,5,5,0,0.007191945461048587,22.0,0.007191945461048587,,0,0,0
14681,110,new_event,2,2,2,0,0.013754287585128618,92.0,0.013754287585128618,,0,0,0
14682,111,new_event,1,1,1,0,0.0014063216174734065,59.0,0.0014063216174734065,,0,0,0
14683,112,new_event,1,1,1,0,0.0012919955145570684,65.0,0.0012919955145570684,,0,0,0
14684,113,new_event,0,0,0,0,,,,,0,0,0
14685,114,new_event,0,0,0,0,,,,,0,0,0
14686,54,existing_event,5,5,4,1,0.953365725653634,54.0,0.953365725653634,0.953365725653634,2,2,2
14687,115,new_event,5,5,3,0,0.07942142753749262,54.0,0.07942142753749262,,0,0,0
14688,116,new_event,3,3,3,0,0.007263315783834411,76.0,0.007263315783834411,,0,0,0
14689,117,new_event,0,0,0,0,,,,,0,0,0
14690,118,new_event,3,3,3,0,0.06326375772832726,104.0,0.06326375772832726,,0,0,0
14691,119,new_event,5,5,5,0,0.010859548232752926,60.0,0.010859548232752926,,0,0,0
14692,120,new_event,0,0,0,0,,,,,0,0,0
14693,73,existing_event,3,3,3,1,0.9987943831475841,73.0,0.9987943831475841,0.9987943831475841,1,1,1
14694,71,existing_event,4,4,3,1,0.9998493323317207,71.0,0.9998493323317207,0.9998493323317207,1,1,1
14695,72,existing_event,1,1,1,1,0.9957678857147507,72.0,0.9957678857147507,0.9957678857147507,1,1,1
14696,107,existing_event,1,1,1,1,0.9989842082925444,107.0,0.9989842082925444,0.9989842082925444,1,1,1
14697,121,new_event,4,4,4,0,0.007518664615084831,76.0,0.007518664615084831,,0,0,0
14698,122,new_event,7,7,7,0,0.16097487821660536,66.0,0.16097487821660536,,0,0,0
14699,123,new_event,0,0,0,0,,,,,0,0,0
14700,109,existing_event,6,6,6,1,0.9993357697483939,109.0,0.9993357697483939,0.9993357697483939,1,1,1
14701,124,new_event,0,0,0,0,,,,,0,0,0
14702,95,existing_event,2,2,2,1,0.9999778433061124,95.0,0.9999778433061124,0.9999778433061124,1,1,1
14703,110,existing_event,5,5,4,1,0.9999172899600516,110.0,0.9999172899600516,0.9999172899600516,1,1,1
14704,125,new_event,7,7,6,0,0.013507467736413934,35.0,0.013507467736413934,,0,0,0
14705,126,new_event,2,2,2,0,0.0021574787211712737,122.0,0.0021574787211712737,,0,0,0
14706,127,new_event,1,1,1,0,0.0011358774086151185,65.0,0.0011358774086151185,,0,0,0
14707,74,existing_event,3,3,2,1,0.9829531206915759,74.0,0.9829531206915759,0.9829531206915759,1,1,1
14708,128,new_event,7,7,7,0,0.23100342726447137,102.0,0.23100342726447137,,0,0,0
14709,129,new_event,8,8,8,0,0.8045055883328491,102.0,0.8045055883328491,,0,0,0
14710,130,new_event,0,0,0,0,,,,,0,0,0
14711,131,new_event,0,0,0,0,,,,,0,0,0
14712,132,new_event,11,11,7,0,0.10718055574602021,44.0,0.10718055574602021,,0,0,0
14713,133,new_event,4,4,3,0,0.017488268029370018,35.0,0.017488268029370018,,0,0,0
14715,134,new_event,0,0,0,0,,,,,0,0,0
14716,125,existing_event,9,9,9,1,0.999689351296057,125.0,0.999689351296057,0.999689351296057,1,1,1
14717,74,existing_event,5,5,3,1,0.9995339472813881,74.0,0.9995339472813881,0.9995339472813881,2,2,2
14718,135,new_event,10,10,9,0,0.8589839315425263,102.0,0.8589839315425263,,0,0,0
14719,136,new_event,3,3,2,0,0.0026920903636878774,62.0,0.0026920903636878774,,0,0,0
14720,67,existing_event,3,3,3,1,0.967852977472929,67.0,0.967852977472929,0.967852977472929,1,1,1
14721,137,new_event,11,11,10,0,0.013814982295478893,65.0,0.013814982295478893,,0,0,0
14722,138,new_event,0,0,0,0,,,,,0,0,0
14723,139,new_event,1,1,1,0,0.0016655213187732369,31.0,0.0016655213187732369,,0,0,0
14724,140,new_event,2,2,2,0,0.10547920747378664,70.0,0.10547920747378664,,0,0,0
14725,141,new_event,5,5,5,0,0.005761011708575563,116.0,0.005761011708575563,,0,0,0
14726,142,new_event,3,3,3,0,0.19288812430523436,70.0,0.19288812430523436,,0,0,0
14727,121,existing_event,3,3,3,1,0.9998729327819581,121.0,0.9998729327819581,0.9998729327819581,1,1,1
14728,143,new_event,11,11,9,0,0.03771976364061218,22.0,0.03771976364061218,,0,0,0
14729,124,existing_event,1,1,1,1,0.9992949259743092,124.0,0.9992949259743092,0.9992949259743092,1,1,1
14730,135,existing_event,6,6,6,1,0.9414797653618164,135.0,0.9414797653618164,0.9414797653618164,1,1,1
14731,144,new_event,5,5,5,0,0.4411587361764889,133.0,0.4411587361764889,,0,0,0
14732,145,new_event,11,11,10,0,0.17212035498274217,75.0,0.17212035498274217,,0,0,0
14733,146,new_event,0,0,0,0,,,,,0,0,0
14734,147,new_event,0,0,0,0,,,,,0,0,0
14735,148,new_event,3,3,2,0,0.005111441381077433,43.0,0.005111441381077433,,0,0,0
14736,107,existing_event,4,4,3,1,0.9990812121432132,107.0,0.9990812121432132,0.9990812121432132,2,2,2
14737,122,existing_event,13,13,12,1,0.9951065155341008,122.0,0.9951065155341008,0.9951065155341008,1,1,1
14738,109,existing_event,6,6,5,1,0.9995946301758429,109.0,0.9995946301758429,0.9995946301758429,2,2,2
14739,95,existing_event,5,5,3,1,0.9999389208283012,95.0,0.9999389208283012,0.9999389208283012,2,2,2
14740,110,existing_event,7,7,4,1,0.9996839263852322,110.0,0.9996839263852322,0.9996839263852322,2,2,2
14741,125,existing_event,4,4,3,1,0.9952405947227615,125.0,0.9952405947227615,0.9952405947227615,2,2,2
14742,126,existing_event,1,1,1,1,0.9739889966177856,126.0,0.9739889966177856,0.9739889966177856,1,1,1
14743,127,existing_event,13,13,11,1,0.9770407522320906,127.0,0.9770407522320906,0.9770407522320906,1,1,1
14744,74,existing_event,5,5,2,1,0.9982862469503604,74.0,0.9982862469503604,0.9982862469503604,3,3,3
14745,149,new_event,0,0,0,0,,,,,0,0,0
14746,150,new_event,5,5,5,0,0.34614406406095927,96.0,0.34614406406095927,,0,0,0
14747,54,existing_event,7,7,5,1,0.9912987352255621,54.0,0.9912987352255621,0.9912987352255621,3,3,3
14748,132,existing_event,11,11,6,2,0.9344167018800817,132.0,0.9344167018800817,0.9344167018800817,1,1,1
14749,151,new_event,6,6,6,0,0.8659826788286925,103.0,0.8659826788286925,,0,0,0
14750,152,new_event,0,0,0,0,,,,,0,0,0
14751,153,new_event,0,0,0,0,,,,,0,0,0
14752,154,new_event,0,0,0,0,,,,,0,0,0
14753,155,new_event,9,9,9,0,0.06855465133254733,96.0,0.06855465133254733,,0,0,0
14754,118,existing_event,10,10,10,1,0.9156961555706606,118.0,0.9156961555706606,0.9156961555706606,1,1,1
14755,156,new_event,20,20,16,0,0.7923785696173418,135.0,0.7923785696173418,,0,0,0
14756,71,existing_event,5,5,3,1,0.9999457432812662,71.0,0.9999457432812662,0.9999457432812662,2,2,2
14757,157,new_event,3,3,2,0,0.03850274861968132,67.0,0.03850274861968132,,0,0,0
14758,158,new_event,2,2,2,0,0.0032904338892443697,33.0,0.0032904338892443697,,0,0,0
14759,159,new_event,0,0,0,0,,,,,0,0,0
14760,160,new_event,11,11,9,0,0.03514951572833499,114.0,0.03514951572833499,,0,0,0
14761,161,new_event,0,0,0,0,,,,,0,0,0
14762,162,new_event,3,3,3,0,0.11468316475132145,161.0,0.11468316475132145,,0,0,0
14763,163,new_event,2,2,2,0,0.26925415846418527,6.0,0.26925415846418527,,0,0,0
14764,164,new_event,0,0,0,0,,,,,0,0,0
14765,165,new_event,1,1,1,0,0.8331351934863676,164.0,0.8331351934863676,,0,0,0
14766,166,new_event,15,15,10,0,0.05808639603091039,119.0,0.05808639603091039,,0,0,0
14767,167,new_event,0,0,0,0,,,,,0,0,0
14768,168,new_event,0,0,0,0,,,,,0,0,0
14769,169,new_event,1,1,1,0,0.16437359635679843,81.0,0.16437359635679843,,0,0,0
14770,170,new_event,3,3,2,0,0.017676245289783336,86.0,0.017676245289783336,,0,0,0
14771,171,new_event,0,0,0,0,,,,,0,0,0
14772,172,new_event,0,0,0,0,,,,,0,0,0
14773,173,new_event,0,0,0,0,,,,,0,0,0
14774,174,new_event,20,20,15,0,0.14447278425109827,125.0,0.14447278425109827,,0,0,0
14775,145,existing_event,20,20,17,1,0.9898744503323302,145.0,0.9898744503323302,0.9898744503323302,1,1,1
14776,175,new_event,0,0,0,0,,,,,0,0,0
14777,176,new_event,0,0,0,0,,,,,0,0,0
14778,177,new_event,3,3,2,0,0.018087475961466957,156.0,0.018087475961466957,,0,0,0
14779,178,new_event,6,6,4,0,0.008881157423146267,91.0,0.008881157423146267,,0,0,0
14780,36,existing_event,1,1,1,1,0.9996059462954843,36.0,0.9996059462954843,0.9996059462954843,1,1,1
14781,39,existing_event,1,1,1,1,0.9980433954147179,39.0,0.9980433954147179,0.9980433954147179,1,1,1
14782,171,existing_event,1,1,1,1,0.9886237597331119,171.0,0.9886237597331119,0.9886237597331119,1,1,1
14783,143,existing_event,15,15,11,1,0.9999197780788617,143.0,0.9999197780788617,0.9999197780788617,1,1,1
14784,172,existing_event,1,1,1,1,0.9984773587967904,172.0,0.9984773587967904,0.9984773587967904,1,1,1
14785,166,existing_event,15,15,9,1,0.9960686694881038,166.0,0.9960686694881038,0.9960686694881038,1,1,1
14786,173,existing_event,4,4,4,1,0.999881761863945,173.0,0.999881761863945,0.999881761863945,1,1,1
14787,144,existing_event,5,5,5,1,0.9010603576154538,144.0,0.9010603576154538,0.9010603576154538,1,1,1
14788,179,new_event,0,0,0,0,,,,,0,0,0
14789,180,new_event,8,8,7,0,0.008877038760802656,156.0,0.008877038760802656,,0,0,0
14790,181,new_event,20,20,17,0,0.6418190661171702,145.0,0.6418190661171702,,0,0,0
14792,182,new_event,18,18,13,0,0.17893505356836586,60.0,0.17893505356836586,,0,0,0
14793,183,new_event,6,6,3,0,0.4596382845849937,37.0,0.4596382845849937,,0,0,0
14794,184,new_event,4,4,3,0,0.02054697742851503,72.0,0.02054697742851503,,0,0,0
14795,151,existing_event,6,6,6,2,0.9806452523294267,151.0,0.9806452523294267,0.9806452523294267,1,1,1
14796,185,new_event,1,1,1,0,0.6986972413412332,63.0,0.6986972413412332,,0,0,0
14797,186,new_event,0,0,0,0,,,,,0,0,0
14798,187,new_event,20,20,17,0,0.7276085165657223,145.0,0.7276085165657223,,0,0,0
14799,73,existing_event,2,2,1,1,0.9994308248632651,73.0,0.9994308248632651,0.9994308248632651,2,2,2
14800,135,existing_event,20,20,17,2,0.9964269463593904,135.0,0.9964269463593904,0.9964269463593904,2,2,2
14801,188,new_event,20,20,14,0,0.040245067166232086,181.0,0.040245067166232086,,0,0,0
14802,71,existing_event,7,7,4,1,0.9931209610178513,71.0,0.9931209610178513,0.9931209610178513,3,3,3
14804,189,new_event,8,8,7,0,0.005644472570943966,65.0,0.005644472570943966,,0,0,0
14805,190,new_event,0,0,0,0,,,,,0,0,0
14806,147,existing_event,1,1,1,1,0.9966471096720254,147.0,0.9966471096720254,0.9966471096720254,1,1,1
14807,191,new_event,0,0,0,0,,,,,0,0,0
14808,132,existing_event,9,9,5,1,0.9957354581196032,132.0,0.9957354581196032,0.9957354581196032,2,2,2
14809,67,existing_event,3,3,2,1,0.9333456453395063,67.0,0.9333456453395063,0.9333456453395063,2,2,2
14810,192,new_event,1,1,1,0,0.004243519957816759,33.0,0.004243519957816759,,0,0,0
14811,136,existing_event,1,1,1,1,0.9328697289370259,136.0,0.9328697289370259,0.9328697289370259,1,1,1
14812,106,existing_event,1,1,1,1,0.9715321970214602,106.0,0.9715321970214602,0.9715321970214602,1,1,1
14813,193,new_event,9,9,7,0,0.005947961688319002,104.0,0.005947961688319002,,0,0,0
14814,194,new_event,3,3,3,0,0.36431274869571323,13.0,0.36431274869571323,,0,0,0
14815,195,new_event,0,0,0,0,,,,,0,0,0
14816,196,new_event,0,0,0,0,,,,,0,0,0
14817,197,new_event,0,0,0,0,,,,,0,0,0
14846,95,existing_event,6,6,2,1,0.9994742466122233,95.0,0.9994742466122233,0.9994742466122233,3,3,3
14953,83,existing_event,1,1,1,1,0.9967831042295401,83.0,0.9967831042295401,0.9967831042295401,1,1,1
14959,198,new_event,17,17,14,0,0.5071491345315281,156.0,0.5071491345315281,,0,0,0
14960,145,existing_event,20,20,16,1,0.9666809197796761,145.0,0.9666809197796761,0.9666809197796761,1,2,2
14961,135,existing_event,20,20,15,3,0.9811782353716262,135.0,0.9811782353716262,0.9811782353716262,3,3,3
14962,133,existing_event,20,20,14,1,0.9192416210710392,133.0,0.9192416210710392,0.9192416210710392,1,1,1
15018,199,new_event,3,3,3,0,0.001697569743190727,55.0,0.001697569743190727,,0,0,0
15258,200,new_event,2,2,2,0,0.00481889428240691,33.0,0.00481889428240691,,0,0,0
14818,201,new_event,1,1,1,0,0.228760604798547,69.0,0.228760604798547,,0,0,0
14819,202,new_event,5,5,3,0,0.7930216105354404,201.0,0.7930216105354404,,0,0,0
14820,203,new_event,0,0,0,0,,,,,0,0,0
14821,106,existing_event,2,2,1,1,0.9537903802926293,106.0,0.9537903802926293,0.9537903802926293,2,2,2
14822,204,new_event,20,20,17,0,0.2002332615092714,69.0,0.2002332615092714,,0,0,0
14824,205,new_event,1,1,1,0,0.003504145623775549,11.0,0.003504145623775549,,0,0,0
14825,206,new_event,1,1,1,0,0.004412144199060712,106.0,0.004412144199060712,,0,0,0
14826,207,new_event,1,1,1,0,0.014422032164768405,179.0,0.014422032164768405,,0,0,0
14827,208,new_event,4,4,2,0,0.005956721729852389,106.0,0.005956721729852389,,0,0,0
14828,209,new_event,6,6,6,0,0.00986098927429298,108.0,0.00986098927429298,,0,0,0
14829,210,new_event,8,8,6,0,0.891586923378453,202.0,0.891586923378453,,0,0,0
14830,211,new_event,6,6,6,0,0.07000654176957143,69.0,0.07000654176957143,,0,0,0
14831,212,new_event,0,0,0,0,,,,,0,0,0
14832,213,new_event,4,4,3,0,0.02141819792995575,106.0,0.02141819792995575,,0,0,0
14833,202,existing_event,6,6,6,2,0.9742742180999892,202.0,0.9742742180999892,0.9742742180999892,1,1,1
14834,214,new_event,0,0,0,0,,,,,0,0,0
14835,215,new_event,6,6,5,0,0.02316201664483667,44.0,0.02316201664483667,,0,0,0
14836,216,new_event,5,5,3,0,0.3762130266740547,107.0,0.3762130266740547,,0,0,0
14837,217,new_event,4,4,4,0,0.04810588629059008,157.0,0.04810588629059008,,0,0,0
14838,218,new_event,2,2,2,0,0.017069979456808687,215.0,0.017069979456808687,,0,0,0
14839,219,new_event,6,6,5,0,0.003502051235035681,155.0,0.003502051235035681,,0,0,0
14840,84,existing_event,6,6,5,1,0.8543619836740722,84.0,0.8543619836740722,0.8543619836740722,2,2,2
14841,220,new_event,0,0,0,0,,,,,0,0,0
14842,221,new_event,0,0,0,0,,,,,0,0,0
14843,222,new_event,0,0,0,0,,,,,0,0,0
14845,223,new_event,0,0,0,0,,,,,0,0,0
14847,224,new_event,0,0,0,0,,,,,0,0,0
14848,225,new_event,1,1,1,0,0.0019905682845482785,50.0,0.0019905682845482785,,0,0,0
14849,226,new_event,4,4,3,0,0.12441222198379523,19.0,0.12441222198379523,,0,0,0
14851,227,new_event,1,1,1,0,0.003897696504220142,186.0,0.003897696504220142,,0,0,0
14852,228,new_event,8,8,4,0,0.8981623642555482,87.0,0.8981623642555482,,0,0,0
14853,229,new_event,10,10,9,0,0.8877419683365015,96.0,0.8877419683365015,,0,0,0
14854,230,new_event,1,1,1,0,0.004897520660780704,193.0,0.004897520660780704,,0,0,0
14855,231,new_event,1,1,1,0,0.33578309394464545,59.0,0.33578309394464545,,0,0,0
14856,232,new_event,19,19,16,0,0.5566438022909673,57.0,0.5566438022909673,,0,0,0
14857,233,new_event,9,9,5,0,0.7653896449018508,87.0,0.7653896449018508,,0,0,0
14858,234,new_event,8,8,5,0,0.1331860260473119,72.0,0.1331860260473119,,0,0,0
14859,235,new_event,2,2,2,0,0.2682100897044946,6.0,0.2682100897044946,,0,0,0
14860,236,new_event,3,3,2,0,0.0017732261047244766,173.0,0.0017732261047244766,,0,0,0
14861,237,new_event,0,0,0,0,,,,,0,0,0
14862,238,new_event,4,4,3,0,0.0046469350001507115,151.0,0.0046469350001507115,,0,0,0
14863,239,new_event,8,8,5,0,0.02146360615328924,100.0,0.02146360615328924,,0,0,0
14864,240,new_event,0,0,0,0,,,,,0,0,0
14865,222,existing_event,1,1,1,1,0.9986144559038918,222.0,0.9986144559038918,0.9986144559038918,1,1,1
14866,241,new_event,2,2,2,0,0.0011437968031676848,148.0,0.0011437968031676848,,0,0,0
14867,136,existing_event,12,12,7,1,0.950124864785078,136.0,0.950124864785078,0.950124864785078,2,2,2
14868,216,existing_event,4,4,2,1,0.9064400178480243,216.0,0.9064400178480243,0.9064400178480243,1,1,1
14869,136,existing_event,8,8,4,1,0.990472930603133,136.0,0.990472930603133,0.990472930603133,1,3,3
14870,242,new_event,2,2,2,0,0.009264324122121938,69.0,0.009264324122121938,,0,0,0
14871,106,existing_event,6,6,4,1,0.8332826360536546,106.0,0.8332826360536546,0.8332826360536546,2,3,3
14872,243,new_event,0,0,0,0,,,,,0,0,0
14873,227,existing_event,2,2,2,1,0.9683854574994769,227.0,0.9683854574994769,0.9683854574994769,1,1,1
14874,140,existing_event,8,8,6,1,0.9902735850361639,140.0,0.9902735850361639,0.9902735850361639,1,1,1
14875,244,new_event,4,4,4,0,0.21789522625098018,200.0,0.21789522625098018,,0,0,0
14876,245,new_event,9,9,6,0,0.017472176050935324,22.0,0.017472176050935324,,0,0,0
14877,246,new_event,0,0,0,0,,,,,0,0,0
14878,247,new_event,3,3,1,0,0.008336171773751629,74.0,0.008336171773751629,,0,0,0
14879,248,new_event,0,0,0,0,,,,,0,0,0
14880,249,new_event,14,14,12,0,0.15769541947539997,7.0,0.15769541947539997,,0,0,0
14881,250,new_event,14,14,13,0,0.2905295491539804,69.0,0.2905295491539804,,0,0,0
14882,251,new_event,0,0,0,0,,,,,0,0,0
14883,252,new_event,0,0,0,0,,,,,0,0,0
14884,253,new_event,1,1,1,0,0.852842878095741,224.0,0.852842878095741,,0,0,0
14885,254,new_event,2,2,2,0,0.004526854122935791,17.0,0.004526854122935791,,0,0,0
14886,255,new_event,2,2,2,0,0.025790024803126595,17.0,0.025790024803126595,,0,0,0
14887,256,new_event,0,0,0,0,,,,,0,0,0
14888,257,new_event,10,10,8,0,0.009666426493776713,44.0,0.009666426493776713,,0,0,0
14889,258,new_event,0,0,0,0,,,,,0,0,0
14890,259,new_event,8,8,5,0,0.7078794650613215,143.0,0.7078794650613215,,0,0,0
14891,260,new_event,8,8,4,0,0.07701424908494553,106.0,0.07701424908494553,,0,0,0
14892,24,existing_event,1,1,1,1,0.9993222926497787,24.0,0.9993222926497787,0.9993222926497787,1,1,1
14893,245,existing_event,11,11,8,1,0.9808328887365649,245.0,0.9808328887365649,0.9808328887365649,1,1,1
14894,261,new_event,4,4,2,0,0.8817783260727902,139.0,0.8817783260727902,,0,0,0
14895,262,new_event,9,9,6,0,0.012434048997132744,138.0,0.012434048997132744,,0,0,0
14896,57,existing_event,20,20,17,1,0.9532701572830747,57.0,0.9532701572830747,0.9532701572830747,1,1,1
14897,133,existing_event,20,20,13,1,0.976442603958247,133.0,0.976442603958247,0.976442603958247,2,2,2
14898,263,new_event,2,2,2,0,0.002684958115815835,199.0,0.002684958115815835,,0,0,0
14899,264,new_event,5,5,2,0,0.006067886437730369,95.0,0.006067886437730369,,0,0,0
14900,265,new_event,7,7,6,0,0.7364711491574124,233.0,0.7364711491574124,,0,0,0
14901,266,new_event,20,20,16,0,0.7106757982562354,122.0,0.7106757982562354,,0,0,0
14902,267,new_event,0,0,0,0,,,,,0,0,0
14903,268,new_event,4,4,3,0,0.7997757731167096,227.0,0.7997757731167096,,0,0,0
14904,269,new_event,0,0,0,0,,,,,0,0,0
14905,270,new_event,1,1,1,0,0.007685467871610332,269.0,0.007685467871610332,,0,0,0
14906,271,new_event,4,4,4,0,0.059435615150824204,269.0,0.059435615150824204,,0,0,0
14907,272,new_event,4,4,4,0,0.0785760055814052,269.0,0.0785760055814052,,0,0,0
14908,273,new_event,0,0,0,0,,,,,0,0,0
14909,274,new_event,2,2,2,0,0.0058384866627382735,34.0,0.0058384866627382735,,0,0,0
14910,275,new_event,5,5,4,0,0.07997779006785884,210.0,0.07997779006785884,,0,0,0
14911,276,new_event,8,8,6,0,0.19377391267074529,49.0,0.19377391267074529,,0,0,0
14912,277,new_event,0,0,0,0,,,,,0,0,0
14913,222,existing_event,2,2,1,1,0.8105673983103819,222.0,0.8105673983103819,0.8105673983103819,2,2,2
14914,278,new_event,5,5,2,0,0.7577264577026775,106.0,0.7577264577026775,,0,0,0
14915,279,new_event,1,1,1,0,0.008699420681720518,49.0,0.008699420681720518,,0,0,0
14916,280,new_event,5,5,4,0,0.006758077374899847,51.0,0.006758077374899847,,0,0,0
14917,281,new_event,0,0,0,0,,,,,0,0,0
14918,282,new_event,4,4,3,0,0.8852620205147423,261.0,0.8852620205147423,,0,0,0
14919,283,new_event,0,0,0,0,,,,,0,0,0
14920,257,existing_event,16,16,11,1,0.9874943226991907,257.0,0.9874943226991907,0.9874943226991907,1,1,1
14921,106,existing_event,7,7,4,1,0.9666122493594859,106.0,0.9666122493594859,0.9666122493594859,3,4,4
14922,71,existing_event,11,11,7,2,0.9885605897220882,71.0,0.9885605897220882,0.9885605897220882,4,4,4
14923,284,new_event,3,3,2,0,0.002959830847514018,132.0,0.002959830847514018,,0,0,0
14924,285,new_event,0,0,0,0,,,,,0,0,0
14925,286,new_event,0,0,0,0,,,,,0,0,0
14926,287,new_event,5,5,4,0,0.7863878819496294,230.0,0.7863878819496294,,0,0,0
14927,288,new_event,0,0,0,0,,,,,0,0,0
14928,243,existing_event,2,2,2,1,0.9766066167227352,243.0,0.9766066167227352,0.9766066167227352,1,1,1
14929,207,existing_event,2,2,2,1,0.996192258745707,207.0,0.996192258745707,0.996192258745707,1,1,1
14930,231,existing_event,2,2,2,1,0.9847902151379773,231.0,0.9847902151379773,0.9847902151379773,1,1,1
14931,133,existing_event,14,14,8,1,0.9481726590166155,133.0,0.9481726590166155,0.9481726590166155,3,3,3
14932,289,new_event,2,2,1,0,0.03334753690215717,172.0,0.03334753690215717,,0,0,0
14933,290,new_event,12,12,7,0,0.7908411845322738,71.0,0.7908411845322738,,0,0,0
14934,227,existing_event,5,5,4,1,0.9926664276540953,227.0,0.9926664276540953,0.9926664276540953,2,2,2
14935,291,new_event,11,11,7,0,0.47734468597675517,106.0,0.47734468597675517,,0,0,0
14936,292,new_event,5,5,4,0,0.673842267641428,59.0,0.673842267641428,,0,0,0
14937,54,existing_event,10,10,5,1,0.8381825669073685,54.0,0.8381825669073685,0.8381825669073685,2,3,4
14938,293,new_event,20,20,15,0,0.5468983469365098,22.0,0.5468983469365098,,0,0,0
14939,294,new_event,3,3,3,0,0.0024370618967405047,271.0,0.0024370618967405047,,0,0,0
14940,295,new_event,3,3,2,0,0.19914209830747706,166.0,0.19914209830747706,,0,0,0
14941,296,new_event,11,11,10,0,0.49632944685028096,244.0,0.49632944685028096,,0,0,0
14942,257,existing_event,11,11,8,1,0.9983634920946541,257.0,0.9983634920946541,0.9983634920946541,2,2,2
14943,297,new_event,10,10,4,0,0.6911834544612977,54.0,0.6911834544612977,,0,0,0
14944,298,new_event,12,12,7,0,0.33909967544701336,106.0,0.33909967544701336,,0,0,0
14945,299,new_event,0,0,0,0,,,,,0,0,0
14946,300,new_event,2,2,2,0,0.8626866324908175,63.0,0.8626866324908175,,0,0,0
14947,301,new_event,5,5,5,0,0.03273747127204359,276.0,0.03273747127204359,,0,0,0
14948,302,new_event,0,0,0,0,,,,,0,0,0
14949,136,existing_event,7,7,3,1,0.9851662490768289,136.0,0.9851662490768289,0.9851662490768289,2,3,4
14950,303,new_event,1,1,1,0,0.0009491700383062775,162.0,0.0009491700383062775,,0,0,0
14951,304,new_event,12,12,9,0,0.3478781754536947,218.0,0.3478781754536947,,0,0,0
14952,84,existing_event,12,12,8,1,0.9436873998639443,84.0,0.9436873998639443,0.9436873998639443,3,3,3
14954,305,new_event,3,3,2,0,0.04414223783482187,243.0,0.04414223783482187,,0,0,0
14955,306,new_event,15,15,10,0,0.8117591611594047,276.0,0.8117591611594047,,0,0,0
14956,307,new_event,5,5,3,0,0.781331882634682,67.0,0.781331882634682,,0,0,0
14957,84,existing_event,10,10,6,1,0.9555020419321869,84.0,0.9555020419321869,0.9555020419321869,3,4,4
14958,308,new_event,17,17,13,0,0.01887448554913247,135.0,0.01887448554913247,,0,0,0
14963,309,new_event,3,3,3,0,0.8174009922638781,230.0,0.8174009922638781,,0,0,0
14964,310,new_event,0,0,0,0,,,,,0,0,0
14965,296,existing_event,6,6,6,1,0.9010485217468649,296.0,0.9010485217468649,0.9010485217468649,1,1,1
14966,311,new_event,0,0,0,0,,,,,0,0,0
14967,209,existing_event,15,15,13,1,0.9908924977971361,209.0,0.9908924977971361,0.9908924977971361,1,1,1
14968,312,new_event,15,15,10,0,0.2906560095042834,106.0,0.2906560095042834,,0,0,0
14969,313,new_event,8,8,8,0,0.005811886328494581,150.0,0.005811886328494581,,0,0,0
14970,151,existing_event,5,5,4,2,0.9877307692256071,103.0,0.9877307692256071,0.9556623268200702,2,2,2
14971,314,new_event,0,0,0,0,,,,,0,0,0
14972,315,new_event,0,0,0,0,,,,,0,0,0
14973,316,new_event,0,0,0,0,,,,,0,0,0
14974,317,new_event,11,11,10,0,0.006747509098912563,108.0,0.006747509098912563,,0,0,0
14975,318,new_event,0,0,0,0,,,,,0,0,0
14976,209,existing_event,16,16,15,1,0.9433044658296652,209.0,0.9433044658296652,0.9433044658296652,1,2,2
14977,319,new_event,3,3,3,0,0.0074715540442940025,305.0,0.0074715540442940025,,0,0,0
14978,226,existing_event,5,5,4,1,0.9479285591855513,226.0,0.9479285591855513,0.9479285591855513,1,1,1
14979,320,new_event,0,0,0,0,,,,,0,0,0
14980,321,new_event,1,1,1,0,0.8099515185480336,58.0,0.8099515185480336,,0,0,0
14981,136,existing_event,15,15,7,1,0.9999692847957754,136.0,0.9999692847957754,0.9999692847957754,4,5,5
14982,136,existing_event,11,11,4,1,0.9996693829467788,136.0,0.9996693829467788,0.9996693829467788,2,5,6
14983,216,existing_event,6,6,3,1,0.9998633755977028,216.0,0.9998633755977028,0.9998633755977028,2,2,2
14984,233,existing_event,13,13,8,1,0.9514528458296673,233.0,0.9514528458296673,0.9514528458296673,1,1,1
14985,234,existing_event,15,15,10,1,0.993795209644173,234.0,0.993795209644173,0.993795209644173,1,1,1
14986,252,existing_event,5,5,5,1,0.9985019939255592,252.0,0.9985019939255592,0.9985019939255592,1,1,1
14987,227,existing_event,10,10,8,1,0.9976776071392289,227.0,0.9976776071392289,0.9976776071392289,3,3,3
14988,57,existing_event,20,20,16,1,0.9982610021006877,57.0,0.9982610021006877,0.9982610021006877,2,2,2
14989,245,existing_event,15,15,11,1,0.9993892901889581,245.0,0.9993892901889581,0.9993892901889581,2,2,2
14990,261,existing_event,6,6,5,2,0.9997469791384777,261.0,0.9997469791384777,0.9997469791384777,1,1,1
14991,260,existing_event,15,15,10,1,0.9996981576018208,260.0,0.9996981576018208,0.9996981576018208,1,1,1
14992,322,new_event,0,0,0,0,,,,,0,0,0
14993,323,new_event,8,8,6,0,0.0072266845823242476,257.0,0.0072266845823242476,,0,0,0
14994,133,existing_event,20,20,11,1,0.9997184801095185,133.0,0.9997184801095185,0.9997184801095185,4,4,4
14995,135,existing_event,20,20,16,1,0.993632533117377,135.0,0.993632533117377,0.993632533117377,4,4,4
14996,145,existing_event,20,20,16,1,0.9487530082417921,145.0,0.9487530082417921,0.9487530082417921,3,3,3
14997,262,existing_event,9,9,8,1,0.9997350177762904,262.0,0.9997350177762904,0.9997350177762904,1,1,1
14998,233,existing_event,13,13,10,2,0.9815188441776386,265.0,0.9815188441776386,0.8842429736436023,2,2,2
14999,84,existing_event,11,11,6,1,0.9787953884413587,84.0,0.9787953884413587,0.9787953884413587,4,4,5
15000,159,existing_event,2,2,2,1,0.9781360483799822,159.0,0.9781360483799822,0.9781360483799822,1,1,1
15001,324,new_event,1,1,1,0,0.0009471499881683239,31.0,0.0009471499881683239,,0,0,0
15002,243,existing_event,4,4,3,1,0.991284681715359,243.0,0.991284681715359,0.991284681715359,2,2,2
15003,325,new_event,1,1,1,0,0.8933639930418418,117.0,0.8933639930418418,,0,0,0
15004,209,existing_event,10,10,8,1,0.9450421713203822,209.0,0.9450421713203822,0.9450421713203822,3,3,3
15005,326,new_event,8,8,5,0,0.8813986822228973,186.0,0.8813986822228973,,0,0,0
15006,327,new_event,0,0,0,0,,,,,0,0,0
15007,328,new_event,2,2,2,0,0.004283174078591697,317.0,0.004283174078591697,,0,0,0
15008,191,existing_event,2,2,2,1,0.9843398048461206,191.0,0.9843398048461206,0.9843398048461206,1,1,1
15009,133,existing_event,10,10,5,1,0.8855430110826273,144.0,0.8855430110826273,0.870611806142394,2,5,5
15010,329,new_event,0,0,0,0,,,,,0,0,0
15011,330,new_event,9,9,8,0,0.7853838746112755,177.0,0.7853838746112755,,0,0,0
15012,331,new_event,3,3,2,0,0.12631088091729267,179.0,0.12631088091729267,,0,0,0
15013,308,existing_event,20,20,14,1,0.976226411339206,308.0,0.976226411339206,0.976226411339206,1,1,1
15014,332,new_event,4,4,3,0,0.07030633414094364,207.0,0.07030633414094364,,0,0,0
15015,333,new_event,20,20,16,0,0.4433823465719347,122.0,0.4433823465719347,,0,0,0
15016,334,new_event,5,5,4,0,0.20369735075109233,296.0,0.20369735075109233,,0,0,0
15017,335,new_event,12,12,11,0,0.35623023079985544,334.0,0.35623023079985544,,0,0,0
15019,336,new_event,0,0,0,0,,,,,0,0,0
15020,337,new_event,0,0,0,0,,,,,0,0,0
15021,338,new_event,10,10,7,0,0.32014269944608553,109.0,0.32014269944608553,,0,0,0
15022,339,new_event,0,0,0,0,,,,,0,0,0
15023,340,new_event,12,12,8,0,0.5510112697557091,290.0,0.5510112697557091,,0,0,0
15024,341,new_event,1,1,1,0,0.2275439156724354,242.0,0.2275439156724354,,0,0,0
15025,342,new_event,4,4,4,0,0.013275175416207211,317.0,0.013275175416207211,,0,0,0
15026,343,new_event,11,11,11,0,0.014015990661494745,61.0,0.014015990661494745,,0,0,0
15027,209,existing_event,13,13,10,1,0.9938848872065705,209.0,0.9938848872065705,0.9938848872065705,4,4,4
15028,344,new_event,5,5,5,0,0.004216190548000104,343.0,0.004216190548000104,,0,0,0
15029,345,new_event,2,2,2,0,0.0011383681590990372,204.0,0.0011383681590990372,,0,0,0
15030,346,new_event,20,20,13,0,0.670547467027106,145.0,0.670547467027106,,0,0,0
15031,347,new_event,6,6,5,0,0.03933343374735366,207.0,0.03933343374735366,,0,0,0
15032,348,new_event,16,16,9,0,0.8568273752856181,290.0,0.8568273752856181,,0,0,0
15033,186,existing_event,7,7,4,2,0.9982728935564905,186.0,0.9982728935564905,0.9982728935564905,1,1,1
15034,349,new_event,9,9,5,0,0.007947886519975382,268.0,0.007947886519975382,,0,0,0
15035,350,new_event,14,14,11,0,0.019426067603375795,151.0,0.019426067603375795,,0,0,0
15036,351,new_event,4,4,4,0,0.005709682682136432,326.0,0.005709682682136432,,0,0,0
15037,191,existing_event,2,2,1,1,0.9868300368901853,191.0,0.9868300368901853,0.9868300368901853,2,2,2
15038,352,new_event,13,13,13,0,0.072714709349575,317.0,0.072714709349575,,0,0,0
15039,353,new_event,2,2,2,0,0.00300798752997041,116.0,0.00300798752997041,,0,0,0
15040,354,new_event,2,2,2,0,0.00238909159076919,21.0,0.00238909159076919,,0,0,0
15041,355,new_event,14,14,8,0,0.20082425777765098,106.0,0.20082425777765098,,0,0,0
15042,356,new_event,0,0,0,0,,,,,0,0,0
15043,357,new_event,0,0,0,0,,,,,0,0,0
15044,358,new_event,0,0,0,0,,,,,0,0,0
15045,359,new_event,0,0,0,0,,,,,0,0,0
15046,360,new_event,8,8,8,0,0.027244321086771873,249.0,0.027244321086771873,,0,0,0
15047,151,existing_event,13,13,11,2,0.969800006670076,103.0,0.969800006670076,0.9613162446289191,3,3,3
15048,233,existing_event,15,15,10,1,0.9929551784837845,233.0,0.9929551784837845,0.9929551784837845,2,2,3
15049,361,new_event,5,5,3,0,0.01585460233199148,43.0,0.01585460233199148,,0,0,0
15050,362,new_event,10,10,9,0,0.01746905601855229,317.0,0.01746905601855229,,0,0,0
15051,363,new_event,20,20,18,0,0.021116379331692345,313.0,0.021116379331692345,,0,0,0
15052,364,new_event,19,19,18,0,0.8852320165508663,362.0,0.8852320165508663,,0,0,0
15053,365,new_event,15,15,12,0,0.01013893382854846,268.0,0.01013893382854846,,0,0,0
15054,366,new_event,15,15,10,0,0.12491746555569677,351.0,0.12491746555569677,,0,0,0
15055,367,new_event,20,20,14,0,0.025302321773309797,135.0,0.025302321773309797,,0,0,0
15056,215,existing_event,9,9,8,1,0.999490404311072,215.0,0.999490404311072,0.999490404311072,1,1,1
15057,245,existing_event,12,12,8,1,0.9989852522361706,245.0,0.9989852522361706,0.9989852522361706,3,3,3
15058,233,existing_event,15,15,10,1,0.992662781996778,233.0,0.992662781996778,0.992662781996778,3,4,4
15059,68,existing_event,14,14,12,1,0.9353572787226201,68.0,0.9353572787226201,0.9353572787226201,1,1,1
15060,135,existing_event,20,20,13,1,0.9509240492631595,135.0,0.9509240492631595,0.9509240492631595,4,5,5
15061,133,existing_event,20,20,11,1,0.9936540071612266,133.0,0.9936540071612266,0.9936540071612266,5,5,6
15062,368,new_event,4,4,3,0,0.008372811134343214,312.0,0.008372811134343214,,0,0,0
15063,369,new_event,20,20,15,0,0.01768834441249973,65.0,0.01768834441249973,,0,0,0
15064,54,existing_event,13,13,6,2,0.9925526694652488,54.0,0.9925526694652488,0.9925526694652488,5,5,5
15065,370,new_event,0,0,0,0,,,,,0,0,0
15066,371,new_event,3,3,2,0,0.010290339653783035,243.0,0.010290339653783035,,0,0,0
15067,64,existing_event,8,8,5,1,0.9541141522394619,64.0,0.9541141522394619,0.9541141522394619,1,1,1
15068,372,new_event,1,1,1,0,0.004209276469361001,192.0,0.004209276469361001,,0,0,0
15069,373,new_event,0,0,0,0,,,,,0,0,0
15070,374,new_event,2,2,1,0,0.0011533567339470645,262.0,0.0011533567339470645,,0,0,0
15071,375,new_event,5,5,5,0,0.7230169961036235,235.0,0.7230169961036235,,0,0,0
15072,54,existing_event,16,16,7,1,0.9864675948015174,54.0,0.9864675948015174,0.9864675948015174,5,5,6
15073,376,new_event,1,1,1,0,0.056614934184510884,105.0,0.056614934184510884,,0,0,0
15074,377,new_event,17,17,13,0,0.05437450931818223,366.0,0.05437450931818223,,0,0,0
15075,378,new_event,15,15,11,0,0.4406491830129535,377.0,0.4406491830129535,,0,0,0
15076,377,existing_event,12,12,9,1,0.9957051703402563,377.0,0.9957051703402563,0.9957051703402563,1,1,1
15077,379,new_event,20,20,14,0,0.034822818297820114,193.0,0.034822818297820114,,0,0,0
15078,380,new_event,20,20,16,0,0.13217633532732,209.0,0.13217633532732,,0,0,0
15079,381,new_event,16,16,14,0,0.10150485767302828,379.0,0.10150485767302828,,0,0,0
15080,382,new_event,20,20,15,0,0.011819232248739014,312.0,0.011819232248739014,,0,0,0
15081,209,existing_event,20,20,16,1,0.9607439884836905,209.0,0.9607439884836905,0.9607439884836905,5,5,5
15082,383,new_event,13,13,12,0,0.030883083988560957,104.0,0.030883083988560957,,0,0,0
15083,384,new_event,15,15,15,0,0.04835145856211523,363.0,0.04835145856211523,,0,0,0
15084,193,existing_event,19,19,16,1,0.9741531566017563,193.0,0.9741531566017563,0.9741531566017563,1,1,1
15087,385,new_event,0,0,0,0,,,,,0,0,0
15088,386,new_event,0,0,0,0,,,,,0,0,0
15089,387,new_event,3,3,3,0,0.012097079986079853,229.0,0.012097079986079853,,0,0,0
15092,388,new_event,18,18,14,0,0.025822921674066256,383.0,0.025822921674066256,,0,0,0
15093,389,new_event,20,20,15,0,0.0578758807488166,388.0,0.0578758807488166,,0,0,0
15096,390,new_event,13,13,13,0,0.3850834768942089,342.0,0.3850834768942089,,0,0,0
15099,384,existing_event,5,5,5,1,0.9398873740910514,384.0,0.9398873740910514,0.9398873740910514,1,1,1
15100,146,existing_event,1,1,1,1,0.9991572477676287,146.0,0.9991572477676287,0.9991572477676287,1,1,1
15101,391,new_event,20,20,13,0,0.7148410630967083,108.0,0.7148410630967083,,0,0,0
15102,392,new_event,5,5,4,0,0.07097544212242382,289.0,0.07097544212242382,,0,0,0
15103,104,existing_event,9,9,8,1,0.901678771127547,104.0,0.901678771127547,0.901678771127547,1,1,1
15105,233,existing_event,16,16,10,1,0.9961152619791834,233.0,0.9961152619791834,0.9961152619791834,4,4,5
15106,393,new_event,0,0,0,0,,,,,0,0,0
15107,394,new_event,4,4,4,0,0.031162898458459806,323.0,0.031162898458459806,,0,0,0
15108,395,new_event,1,1,1,0,0.0021895194671887413,289.0,0.0021895194671887413,,0,0,0
15109,396,new_event,3,3,3,0,0.00419586251303787,374.0,0.00419586251303787,,0,0,0
15110,106,existing_event,13,13,8,1,0.8697017835428227,106.0,0.8697017835428227,0.8697017835428227,2,2,5
15111,397,new_event,20,20,15,0,0.6774177214133092,227.0,0.6774177214133092,,0,0,0
15112,133,existing_event,20,20,11,2,0.9989360882331894,133.0,0.9989360882331894,0.9989360882331894,5,5,7
15113,398,new_event,4,4,4,0,0.7139618675308089,279.0,0.7139618675308089,,0,0,0
15114,307,existing_event,4,4,2,1,0.9400275435457788,307.0,0.9400275435457788,0.9400275435457788,1,1,1
15115,399,new_event,17,17,10,0,0.28849780604837255,37.0,0.28849780604837255,,0,0,0
15116,400,new_event,20,20,15,0,0.6426039413251977,232.0,0.6426039413251977,,0,0,0
15117,401,new_event,1,1,1,0,0.0024229701720510323,113.0,0.0024229701720510323,,0,0,0
15118,402,new_event,1,1,1,0,0.0014622914248683292,359.0,0.0014622914248683292,,0,0,0
15119,403,new_event,6,6,4,0,0.37273502811740367,292.0,0.37273502811740367,,0,0,0
15120,77,existing_event,20,20,15,1,0.9953508187493711,77.0,0.9953508187493711,0.9953508187493711,2,2,2
15121,296,existing_event,11,11,10,1,0.9946980828151099,296.0,0.9946980828151099,0.9946980828151099,2,2,2
15122,202,existing_event,9,9,8,2,0.9359216502840839,202.0,0.9359216502840839,0.9359216502840839,2,2,2
15123,404,new_event,3,3,3,0,0.0018635548559132486,258.0,0.0018635548559132486,,0,0,0
15124,405,new_event,4,4,2,0,0.03294683313013531,154.0,0.03294683313013531,,0,0,0
15125,406,new_event,13,13,5,0,0.9714438758090187,54.0,0.9714438758090187,,0,0,0
15126,135,existing_event,20,20,13,3,0.9839434993924785,135.0,0.9839434993924785,0.9839434993924785,5,5,6
15127,407,new_event,2,2,2,0,0.8820525089741794,325.0,0.8820525089741794,,0,0,0
15128,237,existing_event,3,3,2,1,0.9943885221188228,237.0,0.9943885221188228,0.9943885221188228,1,1,1
15129,258,existing_event,2,2,2,1,0.9483184617660818,258.0,0.9483184617660818,0.9483184617660818,1,1,1
15130,408,new_event,5,5,2,0,0.003352497724387921,110.0,0.003352497724387921,,0,0,0
15131,296,existing_event,16,16,13,1,0.9974808864729017,296.0,0.9974808864729017,0.9974808864729017,3,3,3
15132,222,existing_event,3,3,1,1,0.985846944931498,222.0,0.985846944931498,0.985846944931498,3,3,3
15133,312,existing_event,20,20,13,1,0.9930140062726965,312.0,0.9930140062726965,0.9930140062726965,1,1,1
15134,67,existing_event,13,13,7,1,0.9770786535513667,67.0,0.9770786535513667,0.9770786535513667,2,2,3
15135,409,new_event,20,20,15,0,0.025503629833716353,32.0,0.025503629833716353,,0,0,0
15136,410,new_event,1,1,1,0,0.000970359950642508,319.0,0.000970359950642508,,0,0,0
15137,411,new_event,20,20,14,0,0.2524793273801214,400.0,0.2524793273801214,,0,0,0
15138,412,new_event,5,5,5,0,0.1835591874014154,3.0,0.1835591874014154,,0,0,0
15139,413,new_event,0,0,0,0,,,,,0,0,0
15140,414,new_event,1,1,1,0,0.026700013494534384,39.0,0.026700013494534384,,0,0,0
15141,415,new_event,0,0,0,0,,,,,0,0,0
15142,136,existing_event,20,20,10,1,0.9998514906520526,136.0,0.9998514906520526,0.9998514906520526,5,5,7
15143,136,existing_event,10,10,2,1,0.9976659102679957,136.0,0.9976659102679957,0.9976659102679957,3,5,8
15144,216,existing_event,6,6,2,1,0.9995274245373037,216.0,0.9995274245373037,0.9995274245373037,2,3,3
15145,233,existing_event,20,20,11,1,0.9994903706861014,233.0,0.9994903706861014,0.9994903706861014,5,5,6
15146,234,existing_event,18,18,8,1,0.881733387495716,234.0,0.881733387495716,0.881733387495716,2,2,2
15147,252,existing_event,6,6,4,1,0.9997654476365799,252.0,0.9997654476365799,0.9997654476365799,2,2,2
15148,57,existing_event,20,20,14,1,0.9987802547048689,57.0,0.9987802547048689,0.9987802547048689,3,3,3
15149,245,existing_event,20,20,11,1,0.9949879374090026,245.0,0.9949879374090026,0.9949879374090026,4,4,4
15150,261,existing_event,8,8,5,2,0.9996582018660756,261.0,0.9996582018660756,0.9996582018660756,2,2,2
15151,260,existing_event,20,20,12,1,0.9990294962345828,260.0,0.9990294962345828,0.9990294962345828,2,2,2
15152,262,existing_event,19,19,11,1,0.9996253086734831,262.0,0.9996253086734831,0.9996253086734831,2,2,2
15153,416,new_event,15,15,14,0,0.5166718693065104,317.0,0.5166718693065104,,0,0,0
15154,417,new_event,17,17,12,0,0.6965818336210525,227.0,0.6965818336210525,,0,0,0
15155,418,new_event,20,20,14,0,0.2106127295355131,202.0,0.2106127295355131,,0,0,0
15156,64,existing_event,8,8,4,1,0.9276268644648988,64.0,0.9276268644648988,0.9276268644648988,2,2,2
15157,419,new_event,0,0,0,0,,,,,0,0,0
15158,410,existing_event,1,1,1,1,0.9944254659506699,410.0,0.9944254659506699,0.9944254659506699,1,1,1
15160,288,existing_event,1,1,1,1,0.9981691402668699,288.0,0.9981691402668699,0.9981691402668699,1,1,1
15161,241,existing_event,4,4,3,1,0.9999109283343751,241.0,0.9999109283343751,0.9999109283343751,1,1,1
15162,420,new_event,20,20,13,0,0.8960969583427242,400.0,0.8960969583427242,,0,0,0
15163,421,new_event,3,3,2,0,0.7772531141691085,241.0,0.7772531141691085,,0,0,0
15164,422,new_event,0,0,0,0,,,,,0,0,0
15165,423,new_event,20,20,17,0,0.6139247689520406,202.0,0.6139247689520406,,0,0,0
15166,424,new_event,2,2,2,0,0.004839505815462395,52.0,0.004839505815462395,,0,0,0
15167,425,new_event,0,0,0,0,,,,,0,0,0
15168,426,new_event,6,6,2,0,0.03210302538003265,245.0,0.03210302538003265,,0,0,0
15169,427,new_event,0,0,0,0,,,,,0,0,0
15170,428,new_event,0,0,0,0,,,,,0,0,0
15171,429,new_event,0,0,0,0,,,,,0,0,0
15172,430,new_event,0,0,0,0,,,,,0,0,0
15173,431,new_event,8,8,5,0,0.013826323313830935,392.0,0.013826323313830935,,0,0,0
15174,209,existing_event,20,20,15,1,0.9900283978059625,209.0,0.9900283978059625,0.9900283978059625,5,5,6
15175,432,new_event,0,0,0,0,,,,,0,0,0
15176,433,new_event,1,1,1,0,0.0010456278198408785,374.0,0.0010456278198408785,,0,0,0
15177,434,new_event,2,2,2,0,0.006635134718177423,396.0,0.006635134718177423,,0,0,0
15178,435,new_event,1,1,1,0,0.0126524889187011,153.0,0.0126524889187011,,0,0,0
15179,436,new_event,1,1,1,0,0.002344711913232959,153.0,0.002344711913232959,,0,0,0
15180,39,existing_event,2,2,1,1,0.9945776500585826,39.0,0.9945776500585826,0.9945776500585826,2,2,2
15181,437,new_event,0,0,0,0,,,,,0,0,0
15182,438,new_event,2,2,1,0,0.006544622913596708,226.0,0.006544622913596708,,0,0,0
15183,439,new_event,16,16,9,0,0.4323003895706415,312.0,0.4323003895706415,,0,0,0
15184,412,existing_event,5,5,5,1,0.9951520889860574,412.0,0.9951520889860574,0.9951520889860574,1,1,1
15185,440,new_event,0,0,0,0,,,,,0,0,0
15186,441,new_event,1,1,1,0,0.0010920672115899363,292.0,0.0010920672115899363,,0,0,0
15187,209,existing_event,20,20,14,1,0.9888701558619598,209.0,0.9888701558619598,0.9888701558619598,5,5,7
15188,442,new_event,11,11,9,0,0.020815067401106547,403.0,0.020815067401106547,,0,0,0
15189,206,existing_event,2,2,2,1,0.9958987720263704,206.0,0.9958987720263704,0.9958987720263704,1,1,1
15190,443,new_event,4,4,3,0,0.003939441131422862,60.0,0.003939441131422862,,0,0,0
15191,444,new_event,1,1,1,0,0.0009275866022509217,435.0,0.0009275866022509217,,0,0,0
15192,445,new_event,20,20,14,0,0.6195692939878293,420.0,0.6195692939878293,,0,0,0
15193,446,new_event,20,20,16,0,0.030463318031782486,384.0,0.030463318031782486,,0,0,0
15194,282,existing_event,7,7,4,1,0.9937751670492151,282.0,0.9937751670492151,0.9937751670492151,1,1,1
15195,447,new_event,1,1,1,0,0.0010665690921127218,256.0,0.0010665690921127218,,0,0,0
15196,448,new_event,0,0,0,0,,,,,0,0,0
15197,449,new_event,0,0,0,0,,,,,0,0,0
15198,450,new_event,18,18,12,0,0.0038980926647348697,209.0,0.0038980926647348697,,0,0,0
15199,296,existing_event,9,9,6,1,0.9491200195294405,296.0,0.9491200195294405,0.9491200195294405,4,4,4
15200,439,existing_event,6,6,3,1,0.9324653544694365,439.0,0.9324653544694365,0.9324653544694365,1,1,1
15201,305,existing_event,8,8,6,1,0.999613020092985,305.0,0.999613020092985,0.999613020092985,1,1,1
15202,410,existing_event,2,2,1,1,0.99849542287413,410.0,0.99849542287413,0.99849542287413,2,2,2
15203,206,existing_event,2,2,1,1,0.975806432129771,206.0,0.975806432129771,0.975806432129771,2,2,2
15204,451,new_event,7,7,6,0,0.8976203075205862,347.0,0.8976203075205862,,0,0,0
15205,232,existing_event,20,20,13,1,0.9926770537794893,232.0,0.9926770537794893,0.9926770537794893,1,1,1
15206,222,existing_event,4,4,1,1,0.9974080895962608,222.0,0.9974080895962608,0.9974080895962608,4,4,4
15207,452,new_event,1,1,1,0,0.0036512622995270986,374.0,0.0036512622995270986,,0,0,0
15208,412,existing_event,7,7,6,1,0.9994469776090178,412.0,0.9994469776090178,0.9994469776090178,2,2,2
15209,453,new_event,1,1,1,0,0.0018509905782084226,3.0,0.0018509905782084226,,0,0,0
15210,454,new_event,20,20,11,0,0.5849554119766377,245.0,0.5849554119766377,,0,0,0
15211,453,existing_event,5,5,3,1,0.9064406112281623,453.0,0.9064406112281623,0.9064406112281623,1,1,1
15212,455,new_event,20,20,14,0,0.4877500450306761,22.0,0.4877500450306761,,0,0,0
15213,106,existing_event,18,18,10,1,0.999292575292923,106.0,0.999292575292923,0.999292575292923,3,4,6
15214,295,existing_event,13,13,8,1,0.9883575067044875,295.0,0.9883575067044875,0.9883575067044875,1,1,1
15215,456,new_event,2,2,2,0,0.33438990721126455,164.0,0.33438990721126455,,0,0,0
15216,457,new_event,1,1,1,0,0.4680266997141081,318.0,0.4680266997141081,,0,0,0
15217,458,new_event,2,2,1,0,0.013909842081121072,21.0,0.013909842081121072,,0,0,0
15218,443,existing_event,6,6,4,1,0.9672410729141954,443.0,0.9672410729141954,0.9672410729141954,1,1,1
15219,459,new_event,1,1,1,0,0.012444872081879678,1.0,0.012444872081879678,,0,0,0
15220,460,new_event,2,2,1,0,0.0029447478583983543,296.0,0.0029447478583983543,,0,0,0
15221,291,existing_event,20,20,10,1,0.9098857606662644,291.0,0.9098857606662644,0.9098857606662644,1,1,1
15222,461,new_event,4,4,4,0,0.0025883257949735924,380.0,0.0025883257949735924,,0,0,0
15223,462,new_event,1,1,1,0,0.003116609027415678,177.0,0.003116609027415678,,0,0,0
15224,463,new_event,0,0,0,0,,,,,0,0,0
15225,464,new_event,9,9,7,0,0.041648841444885225,319.0,0.041648841444885225,,0,0,0
15226,465,new_event,5,5,3,0,0.5187197304732364,101.0,0.5187197304732364,,0,0,0
15227,466,new_event,10,10,8,0,0.8647790198186665,384.0,0.8647790198186665,,0,0,0
15228,104,existing_event,10,10,8,1,0.9938343351800117,104.0,0.9938343351800117,0.9938343351800117,1,2,2
15229,467,new_event,20,20,16,0,0.15180179709096697,287.0,0.15180179709096697,,0,0,0
15230,468,new_event,3,3,2,0,0.06345073078499233,106.0,0.06345073078499233,,0,0,0
15231,469,new_event,20,20,9,0,0.6928279928291272,35.0,0.6928279928291272,,0,0,0
15232,410,existing_event,5,5,3,1,0.9374230949827063,410.0,0.9374230949827063,0.9374230949827063,3,3,3
15233,470,new_event,13,13,6,0,0.037032039166146793,35.0,0.037032039166146793,,0,0,0
15234,471,new_event,4,4,2,0,0.819012065805552,39.0,0.819012065805552,,0,0,0
15235,209,existing_event,20,20,13,1,0.9588463003377791,209.0,0.9588463003377791,0.9588463003377791,5,5,8
15236,296,existing_event,20,20,15,1,0.9297147788029317,296.0,0.9297147788029317,0.9297147788029317,3,4,5
15237,472,new_event,20,20,16,0,0.796451967757218,309.0,0.796451967757218,,0,0,0
15238,473,new_event,3,3,3,0,0.001932667522193706,266.0,0.001932667522193706,,0,0,0
15239,474,new_event,6,6,5,0,0.00558960786636558,289.0,0.00558960786636558,,0,0,0
15240,475,new_event,9,9,8,0,0.8993031564845142,387.0,0.8993031564845142,,0,0,0
15241,476,new_event,20,20,17,0,0.10268343725920961,313.0,0.10268343725920961,,0,0,0
15242,477,new_event,10,10,5,0,0.14033148025626477,33.0,0.14033148025626477,,0,0,0
15243,478,new_event,20,20,13,0,0.1472597241313333,77.0,0.1472597241313333,,0,0,0
15244,479,new_event,13,13,9,0,0.026600825946292726,151.0,0.026600825946292726,,0,0,0
15245,480,new_event,20,20,15,0,0.08669433194349134,366.0,0.08669433194349134,,0,0,0
15246,481,new_event,20,20,13,0,0.018332248735468838,108.0,0.018332248735468838,,0,0,0
15247,147,existing_event,2,2,1,1,0.9972507223339906,147.0,0.9972507223339906,0.9972507223339906,2,2,2
15248,106,existing_event,18,18,10,2,0.9986394335240694,106.0,0.9986394335240694,0.9986394335240694,5,5,7
15249,482,new_event,20,20,12,0,0.013112789012850562,68.0,0.013112789012850562,,0,0,0
15250,483,new_event,15,15,7,0,0.01175370364878152,144.0,0.01175370364878152,,0,0,0
15251,484,new_event,0,0,0,0,,,,,0,0,0
15252,305,existing_event,6,6,4,1,0.988789002417696,305.0,0.988789002417696,0.988789002417696,2,2,2
15253,485,new_event,20,20,13,0,0.7757370423738734,445.0,0.7757370423738734,,0,0,0
15254,486,new_event,16,16,6,0,0.3735213572133245,35.0,0.3735213572133245,,0,0,0
15255,386,existing_event,1,1,1,1,0.9808344367435011,386.0,0.9808344367435011,0.9808344367435011,1,1,1
15256,258,existing_event,4,4,3,1,0.9902059875157782,258.0,0.9902059875157782,0.9902059875157782,2,2,2
15257,111,existing_event,9,9,6,1,0.9939274243798637,111.0,0.9939274243798637,0.9939274243798637,1,1,1
15259,242,existing_event,8,8,8,1,0.9998965798462728,242.0,0.9998965798462728,0.9998965798462728,1,1,1
15260,487,new_event,20,20,16,0,0.11994969002546019,364.0,0.11994969002546019,,0,0,0
15261,368,existing_event,7,7,5,1,0.9192228987539376,368.0,0.9192228987539376,0.9192228987539376,1,1,1
15262,206,existing_event,3,3,1,1,0.9712804047751649,206.0,0.9712804047751649,0.9712804047751649,3,3,3
15263,488,new_event,19,19,11,0,0.5050860426965622,233.0,0.5050860426965622,,0,0,0
15264,489,new_event,11,11,8,0,0.03955675659341463,262.0,0.03955675659341463,,0,0,0
15265,490,new_event,1,1,1,0,0.011482262525696257,339.0,0.011482262525696257,,0,0,0
15266,491,new_event,20,20,19,0,0.32194024324096127,475.0,0.32194024324096127,,0,0,0
15267,492,new_event,4,4,3,0,0.01503621852280324,173.0,0.01503621852280324,,0,0,0
15268,191,existing_event,5,5,3,1,0.9850098652954681,191.0,0.9850098652954681,0.9850098652954681,3,3,3
15269,493,new_event,20,20,12,0,0.8970665627393744,443.0,0.8970665627393744,,0,0,0
15270,494,new_event,0,0,0,0,,,,,0,0,0
15271,495,new_event,20,20,15,0,0.11638972860007073,382.0,0.11638972860007073,,0,0,0
15274,496,new_event,14,14,13,0,0.21869403387585265,379.0,0.21869403387585265,,0,0,0
15275,497,new_event,5,5,5,0,0.034622094332200974,431.0,0.034622094332200974,,0,0,0
15276,498,new_event,10,10,9,0,0.38222853152881375,207.0,0.38222853152881375,,0,0,0
15278,216,existing_event,7,7,2,1,0.9999388461984277,216.0,0.9999388461984277,0.9999388461984277,4,4,4
15279,370,existing_event,1,1,1,1,0.9749864342273948,370.0,0.9749864342273948,0.9749864342273948,1,1,1
15280,499,new_event,1,1,1,0,0.0009156615817587895,461.0,0.0009156615817587895,,0,0,0
15281,400,existing_event,20,20,12,1,0.9969671430461771,400.0,0.9969671430461771,0.9969671430461771,1,1,1
15282,410,existing_event,5,5,2,1,0.9432177630763351,410.0,0.9432177630763351,0.9432177630763351,4,4,4
15283,475,existing_event,12,12,12,1,0.9129546336944122,475.0,0.9129546336944122,0.9129546336944122,1,1,1
15284,311,existing_event,4,4,4,1,0.9147826789009263,311.0,0.9147826789009263,0.9147826789009263,1,1,1
15285,245,existing_event,20,20,14,1,0.9768206026565848,245.0,0.9768206026565848,0.9768206026565848,5,5,5
15286,500,new_event,4,4,4,0,0.0028125037527870927,408.0,0.0028125037527870927,,0,0,0
15287,501,new_event,8,8,7,0,0.4684003694026826,242.0,0.4684003694026826,,0,0,0
15288,106,existing_event,20,20,9,1,0.9932187485439137,106.0,0.9932187485439137,0.9932187485439137,5,5,8
15289,502,new_event,2,2,2,0,0.041729060891956556,81.0,0.041729060891956556,,0,0,0
15290,503,new_event,3,3,3,0,0.05767453642474816,396.0,0.05767453642474816,,0,0,0
15291,504,new_event,20,20,18,0,0.0512100151133777,392.0,0.0512100151133777,,0,0,0
15292,408,existing_event,2,2,2,1,0.9994309162943515,408.0,0.9994309162943515,0.9994309162943515,1,1,1
15293,505,new_event,16,16,8,0,0.0709383982866103,80.0,0.0709383982866103,,0,0,0
15294,294,existing_event,3,3,3,1,0.9992677088331465,294.0,0.9992677088331465,0.9992677088331465,1,1,1
15295,506,new_event,0,0,0,0,,,,,0,0,0
15296,422,existing_event,1,1,1,1,0.9928884450527814,422.0,0.9928884450527814,0.9928884450527814,1,1,1
15297,400,existing_event,20,20,12,1,0.9792507338346905,400.0,0.9792507338346905,0.9792507338346905,2,2,2
15298,91,existing_event,20,20,14,1,0.9897234689194548,91.0,0.9897234689194548,0.9897234689194548,1,1,1
15299,198,existing_event,20,20,13,1,0.9084301880437362,198.0,0.9084301880437362,0.9084301880437362,1,1,1
15300,291,existing_event,20,20,8,1,0.9737114527737213,291.0,0.9737114527737213,0.9737114527737213,2,2,2
15301,457,existing_event,2,2,2,1,0.9478501723084543,457.0,0.9478501723084543,0.9478501723084543,1,1,1
15302,507,new_event,9,9,5,0,0.007617521946894758,143.0,0.007617521946894758,,0,0,0
15303,508,new_event,3,3,1,0,0.0029449228878956814,262.0,0.0029449228878956814,,0,0,0
15304,509,new_event,20,20,20,0,0.8765104699456324,416.0,0.8765104699456324,,0,0,0
15305,510,new_event,17,17,16,0,0.08706051609552984,381.0,0.08706051609552984,,0,0,0
15306,143,existing_event,20,20,11,1,0.9425370723095882,143.0,0.9425370723095882,0.9425370723095882,2,2,2
15307,511,new_event,5,5,4,0,0.003036883539507582,453.0,0.003036883539507582,,0,0,0
15308,501,existing_event,11,11,9,1,0.9997320993769019,501.0,0.9997320993769019,0.9997320993769019,1,1,1
15309,512,new_event,20,20,11,0,0.11483024258173079,380.0,0.11483024258173079,,0,0,0
15310,513,new_event,2,2,2,0,0.002878969496654917,217.0,0.002878969496654917,,0,0,0
15311,514,new_event,13,13,8,0,0.8348690257927094,296.0,0.8348690257927094,,0,0,0
15312,296,existing_event,18,18,13,1,0.9670181450730623,296.0,0.9670181450730623,0.9670181450730623,5,5,6
15313,515,new_event,2,2,2,0,0.1064601482897238,424.0,0.1064601482897238,,0,0,0
15314,516,new_event,20,20,11,0,0.9251800696480117,71.0,0.9251800696480117,,0,0,0
15315,517,new_event,8,8,7,0,0.5656452213670174,212.0,0.5656452213670174,,0,0,0
15316,518,new_event,20,20,7,0,0.709983454505522,106.0,0.709983454505522,,0,0,0
15317,519,new_event,2,2,2,0,0.002342029446865765,206.0,0.002342029446865765,,0,0,0
15318,520,new_event,9,9,7,0,0.21982576164530968,207.0,0.21982576164530968,,0,0,0
15319,258,existing_event,4,4,2,1,0.994466104597869,258.0,0.994466104597869,0.994466104597869,3,3,3
15320,521,new_event,4,4,4,0,0.01651827887310279,211.0,0.01651827887310279,,0,0,0
15321,522,new_event,20,20,16,0,0.49650328306603764,60.0,0.49650328306603764,,0,0,0
15322,523,new_event,0,0,0,0,,,,,0,0,0
15323,524,new_event,0,0,0,0,,,,,0,0,0
15324,525,new_event,0,0,0,0,,,,,0,0,0
15325,526,new_event,2,2,2,0,0.00257015323931285,226.0,0.00257015323931285,,0,0,0
15326,527,new_event,4,4,1,0,0.006475899667760855,79.0,0.006475899667760855,,0,0,0
15327,528,new_event,1,1,1,0,0.0017832170152960322,221.0,0.0017832170152960322,,0,0,0
15328,529,new_event,14,14,9,0,0.4758770785270542,212.0,0.4758770785270542,,0,0,0
15329,530,new_event,20,20,13,0,0.22200638937871445,204.0,0.22200638937871445,,0,0,0
15330,531,new_event,7,7,6,0,0.18545525403362742,375.0,0.18545525403362742,,0,0,0
15331,532,new_event,5,5,4,0,0.7363600864272313,165.0,0.7363600864272313,,0,0,0
15332,296,existing_event,20,20,14,1,0.9781725109698717,296.0,0.9781725109698717,0.9781725109698717,5,5,7
15333,533,new_event,20,20,13,0,0.5994468611297207,57.0,0.5994468611297207,,0,0,0
15334,446,existing_event,20,20,19,1,0.9910142162111704,446.0,0.9910142162111704,0.9910142162111704,1,1,1
15335,261,existing_event,10,10,5,2,0.9987819597151892,261.0,0.9987819597151892,0.9987819597151892,3,3,3
15336,534,new_event,0,0,0,0,,,,,0,0,0
15337,84,existing_event,20,20,10,1,0.9990603703260676,84.0,0.9990603703260676,0.9990603703260676,5,5,6
15338,535,new_event,0,0,0,0,,,,,0,0,0
15339,403,existing_event,6,6,5,1,0.9245806621274103,403.0,0.9245806621274103,0.9245806621274103,1,1,1
15340,484,existing_event,3,3,2,1,0.98294841414007,484.0,0.98294841414007,0.98294841414007,1,1,1
15341,287,existing_event,20,20,17,1,0.953952172833462,287.0,0.953952172833462,0.953952172833462,1,1,1
15342,536,new_event,6,6,3,0,0.20101338372812858,264.0,0.20101338372812858,,0,0,0
15343,537,new_event,14,14,12,0,0.014288017870528897,338.0,0.014288017870528897,,0,0,0
15344,538,new_event,20,20,15,0,0.7851754473341468,295.0,0.7851754473341468,,0,0,0
15345,296,existing_event,20,20,13,1,0.9313490662077724,296.0,0.9313490662077724,0.9313490662077724,5,5,8
15346,539,new_event,0,0,0,0,,,,,0,0,0
15347,439,existing_event,7,7,3,1,0.9964381145485246,439.0,0.9964381145485246,0.9964381145485246,2,2,2
15348,540,new_event,8,8,5,0,0.0072873291652958755,408.0,0.0072873291652958755,,0,0,0
15349,541,new_event,11,11,9,0,0.031101021426193573,511.0,0.031101021426193573,,0,0,0
15350,542,new_event,9,9,8,0,0.19195364242269994,451.0,0.19195364242269994,,0,0,0
15351,543,new_event,20,20,13,0,0.892738670151148,445.0,0.892738670151148,,0,0,0
15352,296,existing_event,20,20,12,1,0.9805737535387721,296.0,0.9805737535387721,0.9805737535387721,5,5,9
15353,410,existing_event,7,7,3,1,0.9943228657422789,410.0,0.9943228657422789,0.9943228657422789,5,5,5
15354,544,new_event,20,20,18,0,0.44268263969956395,382.0,0.44268263969956395,,0,0,0
15355,545,new_event,20,20,15,0,0.20897845044812927,495.0,0.20897845044812927,,0,0,0
15356,546,new_event,0,0,0,0,,,,,0,0,0
15357,547,new_event,8,8,7,0,0.03947871392284416,49.0,0.03947871392284416,,0,0,0
15358,548,new_event,1,1,1,0,0.0019447220332547569,408.0,0.0019447220332547569,,0,0,0
15359,549,new_event,9,9,8,0,0.09481330241798201,51.0,0.09481330241798201,,0,0,0
15360,296,existing_event,20,20,11,1,0.9917677918873491,296.0,0.9917677918873491,0.9917677918873491,5,5,10
15361,550,new_event,3,3,2,0,0.013994866988444396,284.0,0.013994866988444396,,0,0,0
15362,296,existing_event,20,20,10,1,0.9933588032656485,296.0,0.9933588032656485,0.9933588032656485,5,5,11
15363,204,existing_event,20,20,17,1,0.9961915348236408,204.0,0.9961915348236408,0.9961915348236408,1,1,1
15364,519,existing_event,3,3,3,1,0.9993433303461344,519.0,0.9993433303461344,0.9993433303461344,1,1,1
15365,35,existing_event,20,20,10,1,0.9275526476216553,35.0,0.9275526476216553,0.9275526476216553,1,2,2
15366,507,existing_event,6,6,4,1,0.9987035989182097,507.0,0.9987035989182097,0.9987035989182097,1,1,1
15368,551,new_event,0,0,0,0,,,,,0,0,0
15369,296,existing_event,20,20,9,2,0.9988224138527916,296.0,0.9988224138527916,0.9988224138527916,5,5,12
15370,209,existing_event,20,20,11,1,0.9873894627037704,209.0,0.9873894627037704,0.9873894627037704,5,5,9
15371,552,new_event,6,6,3,0,0.08210125769510256,74.0,0.08210125769510256,,0,0,0
15372,553,new_event,20,20,13,0,0.10514011283221866,211.0,0.10514011283221866,,0,0,0
15373,445,existing_event,20,20,13,1,0.9755485028550184,445.0,0.9755485028550184,0.9755485028550184,1,1,1
15374,261,existing_event,8,8,4,2,0.9976068860686549,139.0,0.9976068860686549,0.955340608360663,4,4,4
15375,507,existing_event,16,16,11,1,0.9553307122804838,507.0,0.9553307122804838,0.9553307122804838,2,2,2
15376,554,new_event,8,8,2,0,0.5853236160106506,216.0,0.5853236160106506,,0,0,0
15377,555,new_event,20,20,10,0,0.04464925877550699,133.0,0.04464925877550699,,0,0,0
15378,296,existing_event,20,20,8,1,0.9908822427881325,296.0,0.9908822427881325,0.9908822427881325,5,5,13
15379,556,new_event,11,11,9,0,0.08067293804075168,6.0,0.08067293804075168,,0,0,0
15380,464,existing_event,7,7,6,1,0.950854686254626,464.0,0.950854686254626,0.950854686254626,1,1,1
15381,557,new_event,0,0,0,0,,,,,0,0,0
15382,558,new_event,1,1,1,0,0.0009322632484980199,473.0,0.0009322632484980199,,0,0,0
15383,559,new_event,5,5,5,0,0.003467288085570376,61.0,0.003467288085570376,,0,0,0
15384,256,existing_event,1,1,1,1,0.9926183794207271,256.0,0.9926183794207271,0.9926183794207271,1,1,1
15385,247,existing_event,1,1,1,1,0.9166990426810357,247.0,0.9166990426810357,0.9166990426810357,1,1,1
15386,106,existing_event,20,20,7,1,0.993329132157667,106.0,0.993329132157667,0.993329132157667,3,4,9
15387,560,new_event,6,6,4,0,0.8759831177365197,254.0,0.8759831177365197,,0,0,0
15388,561,new_event,3,3,3,0,0.24075340607037315,560.0,0.24075340607037315,,0,0,0
15389,255,existing_event,4,4,4,1,0.9865919557153096,255.0,0.9865919557153096,0.9865919557153096,1,1,1
15390,231,existing_event,8,8,6,1,0.985150314473292,231.0,0.985150314473292,0.985150314473292,2,2,2
15391,562,new_event,20,20,13,0,0.012508705966660944,156.0,0.012508705966660944,,0,0,0
15392,504,existing_event,16,16,14,1,0.9877279555175015,504.0,0.9877279555175015,0.9877279555175015,1,1,1
15393,439,existing_event,20,20,8,1,0.999754797298858,439.0,0.999754797298858,0.999754797298858,3,3,3
15394,408,existing_event,13,13,9,1,0.999966269681591,408.0,0.999966269681591,0.999966269681591,2,2,2
15395,563,new_event,1,1,1,0,0.0015300197568708727,163.0,0.0015300197568708727,,0,0,0
15396,564,new_event,20,20,11,0,0.14992013232561907,135.0,0.14992013232561907,,0,0,0
15397,565,new_event,9,9,6,0,0.006737141425988347,308.0,0.006737141425988347,,0,0,0
15398,308,existing_event,20,20,12,1,0.9954604663508165,308.0,0.9954604663508165,0.9954604663508165,2,2,2
15399,198,existing_event,20,20,13,1,0.945458595889425,198.0,0.945458595889425,0.945458595889425,2,2,2
15400,441,existing_event,3,3,3,1,0.9979292427159194,441.0,0.9979292427159194,0.9979292427159194,1,1,1
15401,537,existing_event,20,20,16,1,0.9988837765642106,537.0,0.9988837765642106,0.9988837765642106,1,1,1
15402,566,new_event,3,3,2,0,0.03660690781727314,17.0,0.03660690781727314,,0,0,0
15403,567,new_event,0,0,0,0,,,,,0,0,0
15404,568,new_event,1,1,1,0,0.042933398281214584,17.0,0.042933398281214584,,0,0,0
15405,569,new_event,0,0,0,0,,,,,0,0,0
15406,570,new_event,0,0,0,0,,,,,0,0,0
15407,571,new_event,20,20,11,0,0.09230641206222033,391.0,0.09230641206222033,,0,0,0
15408,572,new_event,10,10,10,0,0.14189313100864143,562.0,0.14189313100864143,,0,0,0
15409,573,new_event,0,0,0,0,,,,,0,0,0
15410,439,existing_event,20,20,9,1,0.9521445379729858,439.0,0.9521445379729858,0.9521445379729858,4,4,4
15411,574,new_event,0,0,0,0,,,,,0,0,0
15412,226,existing_event,7,7,6,1,0.9144630875258627,226.0,0.9144630875258627,0.9144630875258627,2,2,2
15413,575,new_event,0,0,0,0,,,,,0,0,0
15414,441,existing_event,5,5,4,1,0.9938622921606128,441.0,0.9938622921606128,0.9938622921606128,2,2,2
15415,576,new_event,6,6,4,0,0.4582570505519969,35.0,0.4582570505519969,,0,0,0
15416,296,existing_event,20,20,7,1,0.9695677461142667,296.0,0.9695677461142667,0.9695677461142667,5,5,14
15417,577,new_event,0,0,0,0,,,,,0,0,0
15418,578,new_event,20,20,17,0,0.026060634028611876,313.0,0.026060634028611876,,0,0,0
15419,579,new_event,0,0,0,0,,,,,0,0,0
15420,456,existing_event,5,5,5,1,0.945239414661168,456.0,0.945239414661168,0.945239414661168,1,1,1
15421,580,new_event,20,20,9,0,0.834977610577413,530.0,0.834977610577413,,0,0,0
15423,581,new_event,0,0,0,0,,,,,0,0,0
15425,582,new_event,8,8,8,0,0.752580858099069,381.0,0.752580858099069,,0,0,0
15426,59,existing_event,9,9,6,1,0.9403732582665025,59.0,0.9403732582665025,0.9403732582665025,1,1,1
15427,258,existing_event,8,8,5,1,0.8303564974759057,258.0,0.8303564974759057,0.8303564974759057,2,4,4
15428,583,new_event,0,0,0,0,,,,,0,0,0
15429,584,new_event,12,12,10,0,0.009704733055321092,199.0,0.009704733055321092,,0,0,0
15430,585,new_event,2,2,2,0,0.0024836545185598934,272.0,0.0024836545185598934,,0,0,0
15431,586,new_event,1,1,1,0,0.8418181374352585,246.0,0.8418181374352585,,0,0,0
15432,445,existing_event,20,20,12,1,0.9365571783642088,445.0,0.9365571783642088,0.9365571783642088,2,2,2
15433,245,existing_event,17,17,9,1,0.9671324678269063,245.0,0.9671324678269063,0.9671324678269063,5,5,6
15434,484,existing_event,4,4,2,1,0.9824529215495287,484.0,0.9824529215495287,0.9824529215495287,2,2,2
15435,587,new_event,0,0,0,0,,,,,0,0,0
15436,588,new_event,16,16,12,0,0.04458959645227899,549.0,0.04458959645227899,,0,0,0
15437,589,new_event,2,2,2,0,0.0014068227661898788,512.0,0.0014068227661898788,,0,0,0
15438,146,existing_event,2,2,1,1,0.9591923997913251,146.0,0.9591923997913251,0.9591923997913251,2,2,2
15439,517,existing_event,7,7,7,1,0.9808191197347002,517.0,0.9808191197347002,0.9808191197347002,1,1,1
15440,307,existing_event,9,9,4,2,0.961976590159571,67.0,0.961976590159571,0.9606366963309734,2,2,2
15441,457,existing_event,3,3,2,1,0.9983766019239526,457.0,0.9983766019239526,0.9983766019239526,2,2,2
15442,590,new_event,2,2,2,0,0.004342083642019587,520.0,0.004342083642019587,,0,0,0
15443,591,new_event,15,15,6,0,0.23309195296110646,106.0,0.23309195296110646,,0,0,0
15444,592,new_event,20,20,18,0,0.05800158597964323,257.0,0.05800158597964323,,0,0,0
15445,106,existing_event,17,17,8,1,0.9891648374419123,106.0,0.9891648374419123,0.9891648374419123,3,3,10
15446,593,new_event,3,3,3,0,0.007313915442526416,93.0,0.007313915442526416,,0,0,0
15447,594,new_event,4,4,4,0,0.008317449085771257,80.0,0.008317449085771257,,0,0,0
15448,595,new_event,2,2,2,0,0.019179846399702036,153.0,0.019179846399702036,,0,0,0
15449,596,new_event,6,6,4,0,0.01729163095903219,226.0,0.01729163095903219,,0,0,0
15450,296,existing_event,20,20,6,1,0.9925223397925875,296.0,0.9925223397925875,0.9925223397925875,5,5,15
15451,243,existing_event,7,7,3,1,0.9699514299819485,243.0,0.9699514299819485,0.9699514299819485,3,3,3
15452,597,new_event,20,20,9,0,0.21048859541307605,486.0,0.21048859541307605,,0,0,0
15453,598,new_event,20,20,5,0,0.6630173728588042,296.0,0.6630173728588042,,0,0,0
15454,599,new_event,20,20,10,0,0.636140309383232,530.0,0.636140309383232,,0,0,0
15455,453,existing_event,10,10,7,1,0.9676223177825619,453.0,0.9676223177825619,0.9676223177825619,2,2,2
15456,469,existing_event,20,20,11,1,0.9628013528644028,35.0,0.9628013528644028,0.9144620859866031,1,1,1
15457,600,new_event,20,20,15,0,0.01747484978222766,75.0,0.01747484978222766,,0,0,0
15458,378,existing_event,20,20,14,1,0.9993060878215959,378.0,0.9993060878215959,0.9993060878215959,1,1,1
15459,296,existing_event,20,20,5,2,0.9997739487504379,296.0,0.9997739487504379,0.9997739487504379,5,5,16
15460,601,new_event,11,11,6,0,0.04050577503359864,151.0,0.04050577503359864,,0,0,0
15461,296,existing_event,20,20,4,1,0.9890226871383035,296.0,0.9890226871383035,0.9890226871383035,5,5,17
15462,495,existing_event,20,20,13,1,0.9072901313477097,495.0,0.9072901313477097,0.9072901313477097,1,1,1
15463,71,existing_event,20,20,14,1,0.9472567863444269,71.0,0.9472567863444269,0.9472567863444269,4,4,5
15464,602,new_event,2,2,2,0,0.0041843611447669035,456.0,0.0041843611447669035,,0,0,0
15465,603,new_event,14,14,10,0,0.19198577331994043,398.0,0.19198577331994043,,0,0,0
15466,604,new_event,0,0,0,0,,,,,0,0,0
15467,605,new_event,20,20,13,0,0.013476795444488446,96.0,0.013476795444488446,,0,0,0
15468,606,new_event,5,5,4,0,0.09446404881020301,529.0,0.09446404881020301,,0,0,0
15469,607,new_event,10,10,9,0,0.006558066781312315,492.0,0.006558066781312315,,0,0,0
15470,202,existing_event,20,20,16,1,0.9788072879168621,202.0,0.9788072879168621,0.9788072879168621,3,3,3
15471,608,new_event,11,11,6,0,0.8338616738331951,79.0,0.8338616738331951,,0,0,0
15472,261,existing_event,13,13,6,1,0.9991482367111495,261.0,0.9991482367111495,0.9991482367111495,5,5,5
15473,519,existing_event,5,5,4,1,0.9995745969003547,519.0,0.9995745969003547,0.9995745969003547,2,2,2
15474,609,new_event,13,13,9,0,0.019901109508600107,292.0,0.019901109508600107,,0,0,0
15475,507,existing_event,16,16,8,1,0.9794824618476607,507.0,0.9794824618476607,0.9794824618476607,3,3,3
15476,610,new_event,2,2,2,0,0.45933339701190334,224.0,0.45933339701190334,,0,0,0
15477,611,new_event,20,20,12,0,0.8461636349721565,605.0,0.8461636349721565,,0,0,0
15478,612,new_event,2,2,2,0,0.00424398118221703,162.0,0.00424398118221703,,0,0,0
15479,613,new_event,0,0,0,0,,,,,0,0,0
15480,602,existing_event,5,5,4,1,0.9937102989437265,602.0,0.9937102989437265,0.9937102989437265,1,1,1
15481,541,existing_event,17,17,13,1,0.9997566548885871,541.0,0.9997566548885871,0.9997566548885871,1,1,1
15482,469,existing_event,20,20,9,1,0.9061192083996785,469.0,0.9061192083996785,0.9061192083996785,2,2,2
15483,614,new_event,1,1,1,0,0.8448316388595174,513.0,0.8448316388595174,,0,0,0
15484,615,new_event,7,7,6,0,0.013121814139711026,333.0,0.013121814139711026,,0,0,0
15486,616,new_event,5,5,2,0,0.23393549072780553,484.0,0.23393549072780553,,0,0,0
15487,617,new_event,0,0,0,0,,,,,0,0,0
15488,618,new_event,2,2,2,0,0.002022766980286033,596.0,0.002022766980286033,,0,0,0
15489,619,new_event,20,20,15,0,0.020182630862242607,296.0,0.020182630862242607,,0,0,0
15490,620,new_event,5,5,5,0,0.012112954647899372,499.0,0.012112954647899372,,0,0,0
15491,621,new_event,11,11,7,0,0.6938887532808043,239.0,0.6938887532808043,,0,0,0
15492,622,new_event,13,13,12,0,0.18341241710390657,607.0,0.18341241710390657,,0,0,0
15493,232,existing_event,20,20,12,1,0.8905707013874176,232.0,0.8905707013874176,0.8905707013874176,2,2,2
15494,623,new_event,4,4,4,0,0.0016824765881259343,385.0,0.0016824765881259343,,0,0,0
15495,624,new_event,14,14,13,0,0.013998405430872125,553.0,0.013998405430872125,,0,0,0
15496,625,new_event,0,0,0,0,,,,,0,0,0
15497,592,existing_event,20,20,15,1,0.9841243060217142,592.0,0.9841243060217142,0.9841243060217142,1,1,1
15498,626,new_event,0,0,0,0,,,,,0,0,0
15499,610,existing_event,3,3,3,1,0.9972940831050954,610.0,0.9972940831050954,0.9972940831050954,1,1,1
15500,627,new_event,0,0,0,0,,,,,0,0,0
15501,296,existing_event,20,20,3,1,0.9839866893304762,296.0,0.9839866893304762,0.9839866893304762,5,5,18
15502,628,new_event,19,19,13,0,0.5189742118290038,484.0,0.5189742118290038,,0,0,0
15503,202,existing_event,19,19,15,2,0.9980187319596765,202.0,0.9980187319596765,0.9980187319596765,3,4,4
15504,59,existing_event,12,12,8,2,0.9912922691236358,59.0,0.9912922691236358,0.9912922691236358,2,2,2
15505,516,existing_event,20,20,12,2,0.9988554281582825,516.0,0.9988554281582825,0.9988554281582825,1,1,1
15506,592,existing_event,12,12,8,1,0.9945976989596416,592.0,0.9945976989596416,0.9945976989596416,2,2,2
15507,629,new_event,0,0,0,0,,,,,0,0,0
15508,630,new_event,1,1,1,0,0.002032568233610211,64.0,0.002032568233610211,,0,0,0
15509,508,existing_event,7,7,3,1,0.9506053934368575,508.0,0.9506053934368575,0.9506053934368575,1,1,1
15510,631,new_event,8,8,3,0,0.40707362451804213,319.0,0.40707362451804213,,0,0,0
15511,202,existing_event,16,16,11,2,0.9991023308537419,202.0,0.9991023308537419,0.9991023308537419,4,5,5
15512,503,existing_event,4,4,4,1,0.9988249162313727,503.0,0.9988249162313727,0.9988249162313727,1,1,1
15513,106,existing_event,20,20,7,1,0.9984310961282917,106.0,0.9984310961282917,0.9984310961282917,5,5,11
15514,261,existing_event,14,14,5,1,0.996539100093623,261.0,0.996539100093623,0.996539100093623,5,5,6
15515,632,new_event,20,20,13,0,0.8435031855209292,533.0,0.8435031855209292,,0,0,0
15516,412,existing_event,12,12,8,1,0.9998155006041965,412.0,0.9998155006041965,0.9998155006041965,3,3,3
15517,541,existing_event,20,20,16,1,0.9999486994074454,541.0,0.9999486994074454,0.9999486994074454,2,2,2
15518,610,existing_event,4,4,3,1,0.9981594587215648,610.0,0.9981594587215648,0.9981594587215648,2,2,2
15519,507,existing_event,20,20,8,1,0.9974342650964093,507.0,0.9974342650964093,0.9974342650964093,4,4,4
15520,592,existing_event,20,20,14,1,0.9991356692531106,592.0,0.9991356692531106,0.9991356692531106,3,3,3
15521,633,new_event,20,20,13,0,0.8053129078045438,470.0,0.8053129078045438,,0,0,0
15522,634,new_event,1,1,1,0,0.001304594971574567,367.0,0.001304594971574567,,0,0,0
15523,635,new_event,0,0,0,0,,,,,0,0,0
15524,636,new_event,10,10,9,0,0.0190853133561417,331.0,0.0190853133561417,,0,0,0
15525,404,existing_event,4,4,2,1,0.9731441663756336,404.0,0.9731441663756336,0.9731441663756336,1,1,1
15526,637,new_event,20,20,5,0,0.24581631386648387,296.0,0.24581631386648387,,0,0,0
15527,638,new_event,20,20,12,0,0.09775344346078292,158.0,0.09775344346078292,,0,0,0
15528,639,new_event,20,20,12,0,0.768833952312067,135.0,0.768833952312067,,0,0,0
15529,518,existing_event,20,20,7,1,0.9855833505112124,518.0,0.9855833505112124,0.9855833505112124,1,1,1
15530,640,new_event,20,20,18,0,0.16753692876460538,380.0,0.16753692876460538,,0,0,0
15531,258,existing_event,6,6,2,1,0.9988552961823419,258.0,0.9988552961823419,0.9988552961823419,5,5,5
15532,641,new_event,14,14,11,0,0.01469133197857218,21.0,0.01469133197857218,,0,0,0
15533,640,existing_event,19,19,18,1,0.9927123081292836,640.0,0.9927123081292836,0.9927123081292836,1,1,1
15535,642,new_event,20,20,10,0,0.6306726667687452,380.0,0.6306726667687452,,0,0,0
15537,643,new_event,0,0,0,0,,,,,0,0,0
15538,644,new_event,20,20,10,0,0.31963588782385444,257.0,0.31963588782385444,,0,0,0
15539,645,new_event,20,20,13,0,0.7101726290850321,609.0,0.7101726290850321,,0,0,0
15540,508,existing_event,10,10,5,1,0.9594607337059823,508.0,0.9594607337059823,0.9594607337059823,2,2,2
15541,646,new_event,6,6,6,0,0.023707435969118083,603.0,0.023707435969118083,,0,0,0
15542,647,new_event,0,0,0,0,,,,,0,0,0
15543,592,existing_event,20,20,14,2,0.9845174427002334,592.0,0.9845174427002334,0.9845174427002334,4,4,4
15544,586,existing_event,5,5,5,1,0.9518229961408311,586.0,0.9518229961408311,0.9518229961408311,1,1,1
15545,106,existing_event,20,20,7,1,0.9748814629447357,106.0,0.9748814629447357,0.9748814629447357,5,5,12
15546,648,new_event,0,0,0,0,,,,,0,0,0
15547,649,new_event,20,20,14,0,0.07924710356098279,33.0,0.07924710356098279,,0,0,0
15548,650,new_event,11,11,6,0,0.09042433092892951,412.0,0.09042433092892951,,0,0,0
15549,612,existing_event,3,3,3,1,0.9149466727014984,612.0,0.9149466727014984,0.9149466727014984,1,1,1
15550,651,new_event,20,20,13,0,0.3854814863961224,232.0,0.3854814863961224,,0,0,0
15551,652,new_event,20,20,10,0,0.8075533769583036,258.0,0.8075533769583036,,0,0,0
15552,653,new_event,20,20,15,0,0.06067369317136826,578.0,0.06067369317136826,,0,0,0
15553,654,new_event,20,20,17,0,0.17727836799716018,409.0,0.17727836799716018,,0,0,0
15554,655,new_event,2,2,2,0,0.06579587712369611,211.0,0.06579587712369611,,0,0,0
15555,656,new_event,1,1,1,0,0.002792596138061312,528.0,0.002792596138061312,,0,0,0
15556,612,existing_event,3,3,2,1,0.9868387054336779,612.0,0.9868387054336779,0.9868387054336779,2,2,2
15557,657,new_event,11,11,7,0,0.11195585088179386,165.0,0.11195585088179386,,0,0,0
15558,268,existing_event,20,20,14,1,0.960338645645708,268.0,0.960338645645708,0.960338645645708,1,1,1
15559,658,new_event,3,3,3,0,0.001058814835952457,65.0,0.001058814835952457,,0,0,0
15560,659,new_event,0,0,0,0,,,,,0,0,0
15561,660,new_event,3,3,3,0,0.7532985688584939,436.0,0.7532985688584939,,0,0,0
15562,143,existing_event,20,20,10,1,0.9970349053068825,143.0,0.9970349053068825,0.9970349053068825,3,3,3
15563,661,new_event,0,0,0,0,,,,,0,0,0
15564,662,new_event,0,0,0,0,,,,,0,0,0
15565,584,existing_event,20,20,14,1,0.9137289232260963,584.0,0.9137289232260963,0.9137289232260963,1,1,1
15566,663,new_event,20,20,14,0,0.40180568772623004,135.0,0.40180568772623004,,0,0,0
15567,664,new_event,20,20,12,0,0.23807494305379615,145.0,0.23807494305379615,,0,0,0
15568,665,new_event,11,11,10,0,0.3069363530940675,170.0,0.3069363530940675,,0,0,0
15569,106,existing_event,20,20,6,1,0.9469992306828249,106.0,0.9469992306828249,0.9469992306828249,2,4,13
15570,666,new_event,20,20,6,0,0.3291487476971025,518.0,0.3291487476971025,,0,0,0
15571,667,new_event,0,0,0,0,,,,,0,0,0
15572,668,new_event,20,20,13,0,0.6384444141238509,543.0,0.6384444141238509,,0,0,0
15573,609,existing_event,20,20,13,1,0.9547377112263344,609.0,0.9547377112263344,0.9547377112263344,1,1,1
15574,669,new_event,6,6,4,0,0.00796443927376689,323.0,0.00796443927376689,,0,0,0
15575,241,existing_event,6,6,5,2,0.9954591765136994,421.0,0.9954591765136994,0.8636450500030471,2,2,2
15576,670,new_event,17,17,12,0,0.010362819491053438,65.0,0.010362819491053438,,0,0,0
15577,671,new_event,7,7,2,0,0.022284092482926305,441.0,0.022284092482926305,,0,0,0
