event_id,title,article_count,first_seen_at,last_seen_at,article_ids
296,Juicio a Hernán Rivas se reanuda hoy con los alegatos finales de la Fiscalía - ADN Digital,19,2026-09-20 21:00:00-03:00,2026-09-20 21:00:00-03:00,"14941,14965,15121,15131,15199,15236,15312,15332,15345,15352,15360,15362,15369,15378,15416,15450,15459,15461,15501"
106,"Juventud paraguaya: 1,5 millones enfrentan informalidad, pobreza y el desafío de acceder a más oportunidades",14,2026-09-19 21:00:00-03:00,2026-09-20 21:00:00-03:00,"14676,14812,14821,14871,14921,15110,15213,15248,15288,15386,15445,15513,15545,15569"
209,"Vestidos de policías, asaltan vivienda en busca de dinero del accidente aéreo de Prosegur - ABC en el Este - ABC Color",10,2026-09-20 21:00:00-03:00,2026-09-20 21:00:00-03:00,"14828,14967,14976,15004,15027,15081,15174,15187,15235,15370"
136,"Merz califica de «desastre» el resultado en el noreste alemán, pero rehúsa anunciar su dimisión - Amambay News",9,2026-09-19 21:00:00-03:00,2026-09-20 21:00:00-03:00,"14719,14811,14867,14869,14949,14981,14982,15142,15143"
133,La primera lista de Gustavo Alfaro tras renovar con Paraguay - Amambay News,8,2026-09-19 21:00:00-03:00,2026-09-20 21:00:00-03:00,"14713,14962,14897,14931,14994,15009,15061,15112"
54,Santiago Peña y Delcy Rodríguez firman documento para afianzar lazos bilaterales,7,2026-09-19 21:00:00-03:00,2026-09-20 21:00:00-03:00,"14604,14668,14686,14747,14937,15064,15072"
84,China y EEUU afinan visita de Xi con tregua comercial en juego | Diario Paraguayo,7,2026-09-19 21:00:00-03:00,2026-09-20 21:00:00-03:00,"14638,14658,14840,14952,14957,14999,15337"
135,Olimpia golea y se enfoca en la cima - Amambay News,7,2026-09-19 21:00:00-03:00,2026-09-20 21:00:00-03:00,"14718,14730,14800,14961,14995,15060,15126"
233,"La primavera es recibida con calor, lluvias y un posterior descenso",7,2026-09-20 21:00:00-03:00,2026-09-20 21:00:00-03:00,"14857,14984,14998,15048,15058,15105,15145"
245,Senador retruca a TSJE y denuncia que tocó máquinas sin avisar,7,2026-09-20 21:00:00-03:00,2026-09-20 21:00:00-03:00,"14876,14893,14989,15057,15149,15285,15433"
261,La Nación / Un paso más hacia la digitalización: BCP pone en marcha el CDA-d desde este lunes,7,2026-09-20 21:00:00-03:00,2026-09-20 21:00:00-03:00,"14894,14990,15150,15335,15374,15472,15514"
71,Potentes vientos de hasta 90 km/h azotarán gran parte del Paraguay,6,2026-09-19 21:00:00-03:00,2026-09-20 21:00:00-03:00,"14624,14694,14756,14802,14922,15463"
202,Reunión Asoban-Peña: Dionisio Borda advierte sobre riesgo de concentración y pide preservar la institucionalidad del BCP - Economía - ABC Color,6,2026-09-20 21:00:00-03:00,2026-09-20 21:00:00-03:00,"14819,14833,15122,15470,15503,15511"
258,La Nación / Cecilia Cubas: a 22 años del secuestro de la primera víctima fatal del EPP,6,2026-09-20 21:00:00-03:00,2026-09-20 21:00:00-03:00,"14889,15129,15256,15319,15427,15531"
410,El vorí vorí vuelve a ser elegido como la mejor sopa del mundo,6,2026-09-20 21:00:00-03:00,2026-09-20 21:00:00-03:00,"15136,15158,15202,15232,15282,15353"
216,Los hutíes dicen haber atacado “sitios sensibles” en la capital de Arabia Saudita - Mundo - ABC Color,5,2026-09-20 21:00:00-03:00,2026-09-20 21:00:00-03:00,"14836,14868,14983,15144,15278"
222,Irlanda multa a Google por tratar de forma irregular datos de ubicación - Tecnología - ABC Color,5,2026-09-20 21:00:00-03:00,2026-09-20 21:00:00-03:00,"14843,14865,14913,15132,15206"
439,La Nación / Peña anuncia nuevas oportunidades de formación y experiencia laboral para jóvenes,5,2026-09-20 21:00:00-03:00,2026-09-20 21:00:00-03:00,"15183,15200,15347,15393,15410"
507,"De cada 100 electores, 27 son jóvenes, según la Justicia Electoral",5,2026-09-20 21:00:00-03:00,2026-09-20 21:00:00-03:00,"15302,15366,15375,15475,15519"
592,Santiago Peña se reúne con empresarios para impulsar proyecto en la Costanera Norte,5,2026-09-20 21:00:00-03:00,2026-09-20 21:00:00-03:00,"15444,15497,15506,15520,15543"
57,"Es Alliana quien debe elegir a su dupla, según Baruja - ADN Digital",4,2026-09-19 21:00:00-03:00,2026-09-20 21:00:00-03:00,"14609,14896,14988,15148"
67,Las elecciones en Rusia entran en su última jornada tras denuncias de fraude y una baja participación del electorado - ADN Digital,4,2026-09-19 21:00:00-03:00,2026-09-20 21:00:00-03:00,"14619,14720,14809,15134"
74,Paraguay vuelve al triunfo y con récords en la Olimpiada de Ajedrez,4,2026-09-19 21:00:00-03:00,2026-09-19 21:00:00-03:00,"14627,14707,14717,14744"
79,La Nación / Hugo Javier ya logró mover sus cuatro extremidades,4,2026-09-19 21:00:00-03:00,2026-09-19 21:00:00-03:00,"14633,14644,14662,14665"
95,La Nación / Naturaleza y aventura: la propuesta de la Senatur para los más jóvenes,4,2026-09-19 21:00:00-03:00,2026-09-19 21:00:00-03:00,"14655,14702,14739,14846"
143,La Nación / Distribución de las máquinas de votación y útiles electorales se iniciará el 27 de setiembre,4,2026-09-19 21:00:00-03:00,2026-09-20 21:00:00-03:00,"14728,14783,15306,15562"
145,EN VIVO: Luqueño vs Recoleta,4,2026-09-19 21:00:00-03:00,2026-09-20 21:00:00-03:00,"14732,14775,14960,14996"
151,Caen dos sujetos que transportaban más de dos toneladas de marihuana en Amambay,4,2026-09-19 21:00:00-03:00,2026-09-20 21:00:00-03:00,"14749,14795,14970,15047"
191,Hombre es imputado tras agredir a su hijastro y arrojar una PlayStation por el balcón,4,2026-09-19 21:00:00-03:00,2026-09-20 21:00:00-03:00,"14807,15008,15037,15268"
206,Día de la Juventud: hurto y violencia familiar encabezan los delitos cometidos por jóvenes en Paraguay - Nacionales - ABC Color,4,2026-09-20 21:00:00-03:00,2026-09-20 21:00:00-03:00,"14825,15189,15203,15262"
227,Accidente en J. Augusto Saldívar: conductor de 42 años falleció en un choque frontal - Policiales - ABC Color,4,2026-09-20 21:00:00-03:00,2026-09-20 21:00:00-03:00,"14851,14873,14934,14987"
243,Esposa de menonita alega que causa de trata en Bolivia sería una maniobra para separar a la pareja,4,2026-09-20 21:00:00-03:00,2026-09-20 21:00:00-03:00,"14872,14928,15002,15451"
412,"Puente de Integración sigue lejos de una apertura total, según Director de Migraciones",4,2026-09-20 21:00:00-03:00,2026-09-20 21:00:00-03:00,"15138,15184,15208,15516"
14,Interfisa recibe la primavera con reintegros de hasta 25%,3,2026-09-19 21:00:00-03:00,2026-09-19 21:00:00-03:00,"14558,14641,14672"
20,"La Nación / En Capiatá, 95 parejas dan el “sí” y suman más de 7.100 bodas comunitarias",3,2026-09-19 21:00:00-03:00,2026-09-19 21:00:00-03:00,"14564,14647,14664"
31,La Nación / Proyectos financiados por el BID deberán ajustarse a nuevas reglas de acceso a la información,3,2026-09-19 21:00:00-03:00,2026-09-19 21:00:00-03:00,"14576,14645,14663"
32,La Nación / Dionisio Amarilla reivindica la unidad opositora y el cumplimiento de los acuerdos,3,2026-09-19 21:00:00-03:00,2026-09-19 21:00:00-03:00,"14577,14643,14661"
35,La Nación / Otra victoria y clasificación,3,2026-09-19 21:00:00-03:00,2026-09-20 21:00:00-03:00,"14580,14605,15365"
39,La Nación / Un paraguayo es elegido Mejor Diseñador de la Temporada en la New York Fashion Week,3,2026-09-19 21:00:00-03:00,2026-09-20 21:00:00-03:00,"14584,14781,15180"
59,Unos 16 sindicatos de Salud marcharán por reajuste salarial y carrera sanitaria - ADN Digital,3,2026-09-19 21:00:00-03:00,2026-09-20 21:00:00-03:00,"14611,15426,15504"
64,Detienen a dos paraguayos con casi 3 toneladas de marihuana en Brasil - ADN Digital,3,2026-09-19 21:00:00-03:00,2026-09-20 21:00:00-03:00,"14616,15067,15156"
73,Denuncian a candidato colorado a intendente de Yasy Cañy por presunta amenaza de muerte,3,2026-09-19 21:00:00-03:00,2026-09-19 21:00:00-03:00,"14626,14693,14799"
77,ANR busca unidad en Ayolas y minimiza crisis de la cúpula nacional - Política - ABC Color,3,2026-09-19 21:00:00-03:00,2026-09-20 21:00:00-03:00,"14630,14677,15120"
104,HOMBRE RESULTA HERIDO CON UN CUCHILLO DURANTE FORCEJEO EN CORONEL BOGADO,3,2026-09-19 21:00:00-03:00,2026-09-20 21:00:00-03:00,"14674,15103,15228"
107,Trump dice que los hutíes de Yemen aceptaron no luchar contra EEUU,3,2026-09-19 21:00:00-03:00,2026-09-19 21:00:00-03:00,"14678,14696,14736"
109,La Nación / Fiscalía exhorta a retirar propagandas electorales para las municipales,3,2026-09-19 21:00:00-03:00,2026-09-19 21:00:00-03:00,"14680,14700,14738"
110,La Nación / XV Feria de Aves de Sudamérica finaliza hoy con una atractiva agenda para la ciudadanía,3,2026-09-19 21:00:00-03:00,2026-09-19 21:00:00-03:00,"14681,14703,14740"
125,Intermedia: Dura paliza para el 12 de Junio | Diario Paraguayo,3,2026-09-19 21:00:00-03:00,2026-09-19 21:00:00-03:00,"14704,14716,14741"
132,Patria Querida sostiene que el encuentro entre Santi y Delcy Rodríguez «avergüenza» al país - Amambay News,3,2026-09-19 21:00:00-03:00,2026-09-19 21:00:00-03:00,"14712,14748,14808"
146,Proponen regular la tenencia de perros potencialmente peligrosos,3,2026-09-19 21:00:00-03:00,2026-09-20 21:00:00-03:00,"14733,15100,15438"
147,Imputan a un hombre por acumular deuda de G. 58 millones en asistencia alimentaria,3,2026-09-19 21:00:00-03:00,2026-09-20 21:00:00-03:00,"14734,14806,15247"
198,La lesión que frenó el ingreso de Derlis González,3,2026-09-19 21:00:00-03:00,2026-09-20 21:00:00-03:00,"14959,15299,15399"
226,¡Fátima Fernández Mercado ya pasó al club de las casadas! - Gente - ABC Color,3,2026-09-20 21:00:00-03:00,2026-09-20 21:00:00-03:00,"14849,14978,15412"
231,Fretes enfrentará días de reclamos por reajuste y reducción horaria,3,2026-09-20 21:00:00-03:00,2026-09-20 21:00:00-03:00,"14855,14930,15390"
232,Alliana asume mando en ausencia de Peña y en plena crisis en HC,3,2026-09-20 21:00:00-03:00,2026-09-20 21:00:00-03:00,"14856,15205,15493"
234,"Lo que tenés que saber: Iglesia critica omisión, venezolanos contra Peña y visitas sorpresas de Fretes",3,2026-09-20 21:00:00-03:00,2026-09-20 21:00:00-03:00,"14858,14985,15146"
241,"El Papa se verá con Milei, visitará una cárcel y oficiará misa multitudinaria en Argentina",3,2026-09-20 21:00:00-03:00,2026-09-20 21:00:00-03:00,"14866,15161,15575"
252,Dinelco amplía las opciones de pago para comercios con su nueva campaña,3,2026-09-20 21:00:00-03:00,2026-09-20 21:00:00-03:00,"14883,14986,15147"
257,La Nación / Santiago Peña inicia intensa agenda en Nueva York antes del debate en la ONU,3,2026-09-20 21:00:00-03:00,2026-09-20 21:00:00-03:00,"14888,14920,14942"
260,"La Nación / Generar empleos de calidad es clave para aprovechar fuerza laboral joven, afirman",3,2026-09-20 21:00:00-03:00,2026-09-20 21:00:00-03:00,"14891,14991,15151"
262,La Nación / La Municipalidad de Asunción invita a una jornada para jóvenes,3,2026-09-20 21:00:00-03:00,2026-09-20 21:00:00-03:00,"14895,14997,15152"
291,"Jóvenes enfrentan informalidad y carreras saturadas al buscar su primer empleo, afirman - ADN Digital",3,2026-09-20 21:00:00-03:00,2026-09-20 21:00:00-03:00,"14935,15221,15300"
305,Rescatan a dos paraguayas en Perú que fueron engañadas con falsas ofertas de trabajo,3,2026-09-20 21:00:00-03:00,2026-09-20 21:00:00-03:00,"14954,15201,15252"
307,Putin amplía su control del Parlamento ruso tras una elección cuestionada internacionalmente,3,2026-09-20 21:00:00-03:00,2026-09-20 21:00:00-03:00,"14956,15114,15440"
308,Ronaldo Martínez brilla con un doblete y Vélez mantiene su invicto en Argentina,3,2026-09-20 21:00:00-03:00,2026-09-20 21:00:00-03:00,"14958,15013,15398"
400,"Crisis en Honor Colorado: “Lo que se ve no se pregunta”, dice Beto Ovelar - Nacionales - ABC Color",3,2026-09-20 21:00:00-03:00,2026-09-20 21:00:00-03:00,"15116,15281,15297"
408,¿Dónde serán las ferias agrícolas esta semana?,3,2026-09-20 21:00:00-03:00,2026-09-20 21:00:00-03:00,"15130,15292,15394"
441,La Nación / Campaña “Todos con Iván” busca alcanzar meta de G. 1.000 millones para su rehabilitación,3,2026-09-20 21:00:00-03:00,2026-09-20 21:00:00-03:00,"15186,15400,15414"
445,"Diario HOY | “Tenemos Honor Colorado para rato”, predice Bachi",3,2026-09-20 21:00:00-03:00,2026-09-20 21:00:00-03:00,"15192,15373,15432"
453,Obra sobre la ruta PY07 apunta a aliviar el tránsito de 55.000 vehículos diarios - ADN Digital,3,2026-09-20 21:00:00-03:00,2026-09-20 21:00:00-03:00,"15209,15211,15455"
457,Ministerio de Salud amplía de 6 a 60 años la vacunación gratuita contra el dengue,3,2026-09-20 21:00:00-03:00,2026-09-20 21:00:00-03:00,"15216,15301,15441"
469,[VÍDEO] Paraguay termina puntero de su grupo en los Odesur,3,2026-09-20 21:00:00-03:00,2026-09-20 21:00:00-03:00,"15231,15456,15482"
484,Petropar anticipó nueva suba y transportistas expresaron preocupación - Amambay News,3,2026-09-20 21:00:00-03:00,2026-09-20 21:00:00-03:00,"15251,15340,15434"
508,"¡Aprovechá, que es gratis! SNPP ofrece cursos de IA, marketing y más",3,2026-09-20 21:00:00-03:00,2026-09-20 21:00:00-03:00,"15303,15509,15540"
519,Día de la Juventud: jóvenes encabezan estadísticas de muertes y lesiones por siniestros viales - Nacionales - ABC Color,3,2026-09-20 21:00:00-03:00,2026-09-20 21:00:00-03:00,"15317,15364,15473"
541,La Nación / MOPC solicita despejar franja de dominio ante avance de la obra de duplicación de la ruta PY01,3,2026-09-20 21:00:00-03:00,2026-09-20 21:00:00-03:00,"15349,15481,15517"
610,La Nación / Presley Gerber y el llamado Club de los 27: cuando la fama no alcanza para ocultar el dolor,3,2026-09-20 21:00:00-03:00,2026-09-20 21:00:00-03:00,"15476,15499,15518"
612,Ministerio de la Mujer repudia denuncias de acoso sexual y violencia digital que afectan a estudiantes de la UNA,3,2026-09-20 21:00:00-03:00,2026-09-20 21:00:00-03:00,"15478,15549,15556"
21,La Nación / Canindeyú registra cerca de 60.000 atenciones médicas en agosto,2,2026-09-19 21:00:00-03:00,2026-09-19 21:00:00-03:00,"14565,14646"
24,"Diario La Nación Edición impresa, 20 de setiembre de 2026",2,2026-09-19 21:00:00-03:00,2026-09-20 21:00:00-03:00,"14568,14892"
36,La Nación / Pombero aterroriza TikTok: el live que es furor por las madrugadas desde un bananal,2,2026-09-19 21:00:00-03:00,2026-09-19 21:00:00-03:00,"14581,14780"
37,La Nación / Un domingo caluroso dará paso a tormentas y frente frío,2,2026-09-19 21:00:00-03:00,2026-09-19 21:00:00-03:00,"14582,14606"
68,Perú: matan a periodista y candidata a elecciones regionales - ADN Digital,2,2026-09-19 21:00:00-03:00,2026-09-20 21:00:00-03:00,"14620,15059"
72,Caacupé: Valenzuela critica a conductores que provocan accidentes y se dan a la fuga,2,2026-09-19 21:00:00-03:00,2026-09-19 21:00:00-03:00,"14625,14695"
83,Rodrigo Paz elimina subsidio al diésel en Bolivia | Diario Paraguayo,2,2026-09-19 21:00:00-03:00,2026-09-19 21:00:00-03:00,"14637,14953"
85,El refuerzo militar de EEUU en el Pacífico reflota temores de guerra | Diario Paraguayo,2,2026-09-19 21:00:00-03:00,2026-09-19 21:00:00-03:00,"14639,14659"
86,¿Se puede “apagar” una inteligencia artificial? | Diario Paraguayo,2,2026-09-19 21:00:00-03:00,2026-09-19 21:00:00-03:00,"14640,14660"
91,Lula pide votos en un bastión electoral de la ultraderecha,2,2026-09-19 21:00:00-03:00,2026-09-20 21:00:00-03:00,"14651,15298"
111,Ministro de salud llevará sus visitas sorpresa a hospitales de todo el país,2,2026-09-19 21:00:00-03:00,2026-09-20 21:00:00-03:00,"14682,15257"
118,Popular / Discusión por piki opa con un herido,2,2026-09-19 21:00:00-03:00,2026-09-19 21:00:00-03:00,"14690,14754"
121,Policía indaga ataque a tiros a una vivienda y el hallazgo de una motocicleta incinerada en Yby Yaú | Diario Paraguayo,2,2026-09-19 21:00:00-03:00,2026-09-19 21:00:00-03:00,"14697,14727"
122,"Costas, preocupado por las situaciones malogradas | Diario Paraguayo",2,2026-09-19 21:00:00-03:00,2026-09-19 21:00:00-03:00,"14698,14737"
124,Expo Kambuchi 2026: artesanía y cultura en Tobatí | Diario Paraguayo,2,2026-09-19 21:00:00-03:00,2026-09-19 21:00:00-03:00,"14701,14729"
126,El City alarga el pleno en el intercambio de golpes | Diario Paraguayo,2,2026-09-19 21:00:00-03:00,2026-09-19 21:00:00-03:00,"14705,14742"
127,Atlético se queda con el derbi ante un Real Madrid decepcionante | Diario Paraguayo,2,2026-09-19 21:00:00-03:00,2026-09-19 21:00:00-03:00,"14706,14743"
140,Jóvenes alzan su voz y reclaman protagonismo en la Iglesia y la sociedad - Nacionales - ABC Color,2,2026-09-19 21:00:00-03:00,2026-09-20 21:00:00-03:00,"14724,14874"
144,Alfaro convocó a 28 albirrojos para los amistosos de fecha FIFA,2,2026-09-19 21:00:00-03:00,2026-09-19 21:00:00-03:00,"14731,14787"
159,La economía de Irán se desploma durante la guerra en Oriente Medio - Mundo - ABC Color,2,2026-09-19 21:00:00-03:00,2026-09-20 21:00:00-03:00,"14759,15000"
166,La Nación / Pérez instó a las mujeres a ser protagonistas del cambio en Asunción,2,2026-09-19 21:00:00-03:00,2026-09-19 21:00:00-03:00,"14766,14785"
171,La Nación / ¿Cuánto cuesta darse un gusto?: el precio de una merienda para dos en Asunción,2,2026-09-19 21:00:00-03:00,2026-09-19 21:00:00-03:00,"14771,14782"
172,"La Nación / ¿No es mañana?: todos celebran la primavera el 21, pero este año llegará un día después",2,2026-09-19 21:00:00-03:00,2026-09-19 21:00:00-03:00,"14772,14784"
173,La Nación / Indert integra equipo especial para titulación histórica de colonias centenarias,2,2026-09-19 21:00:00-03:00,2026-09-19 21:00:00-03:00,"14773,14786"
186,"Accidente fatal en Santa Rita: iba al hospital para buscar a su hijo, volcó y falleció - Amambay News",2,2026-09-19 21:00:00-03:00,2026-09-20 21:00:00-03:00,"14797,15033"
193,"CONDUCTOR DIO 0,660 MG/L TRAS BRUTAL CHOQUE EN NUEVA ALBORADA",2,2026-09-19 21:00:00-03:00,2026-09-20 21:00:00-03:00,"14813,15084"
204,Miguel Prieto: “Honor Colorado está usando al BCP como garrote” - Política - ABC Color,2,2026-09-20 21:00:00-03:00,2026-09-20 21:00:00-03:00,"14822,15363"
207,Fiebre de flores amarillas por primavera obliga a comerciantes a teñir flores naturales - Nacionales - ABC Color,2,2026-09-20 21:00:00-03:00,2026-09-20 21:00:00-03:00,"14826,14929"
215,Delcy Rodríguez llega a Estados Unidos para participar en la Asamblea General de la ONU - Mundo - ABC Color,2,2026-09-20 21:00:00-03:00,2026-09-20 21:00:00-03:00,"14835,15056"
237,Mercado laboral demanda mayor formación en uso de IA y finanzas,2,2026-09-20 21:00:00-03:00,2026-09-20 21:00:00-03:00,"14861,15128"
242,Filizzola cuestiona Hambre Cero y denuncia uso político de recursos,2,2026-09-20 21:00:00-03:00,2026-09-20 21:00:00-03:00,"14870,15259"
247,"Juego, deporte y ciencia",2,2026-09-20 21:00:00-03:00,2026-09-20 21:00:00-03:00,"14878,15385"
255,"Latele cumple 18 años de historia, renovando y estrenando casa",2,2026-09-20 21:00:00-03:00,2026-09-20 21:00:00-03:00,"14886,15389"
256,Lynk & Co lanza la nueva 08 PHEV,2,2026-09-20 21:00:00-03:00,2026-09-20 21:00:00-03:00,"14887,15384"
268,Choque frontal en J. Augusto Saldívar deja un fallecido y a una familia que exige esclarecer el caso,2,2026-09-20 21:00:00-03:00,2026-09-20 21:00:00-03:00,"14903,15558"
282,BCP pone en marcha los certificados de depósito digitales,2,2026-09-20 21:00:00-03:00,2026-09-20 21:00:00-03:00,"14918,15194"
287,Conductor alcoholizado atropelló a peatón y huyó en Luque,2,2026-09-20 21:00:00-03:00,2026-09-20 21:00:00-03:00,"14926,15341"
288,Transferencia por error: alertan sobre maniobra delictiva,2,2026-09-20 21:00:00-03:00,2026-09-20 21:00:00-03:00,"14927,15160"
294,Subasta pública de bienes incautados se realizará el próximo jueves - ADN Digital,2,2026-09-20 21:00:00-03:00,2026-09-20 21:00:00-03:00,"14939,15294"
295,"Con 5 mil mujeres, Camilo festejó el inicio de la primavera - ADN Digital",2,2026-09-20 21:00:00-03:00,2026-09-20 21:00:00-03:00,"14940,15214"
311,Cámara mantiene prisión preventiva de fisioterapeuta imputado por supuesto abuso en niños indefensos,2,2026-09-20 21:00:00-03:00,2026-09-20 21:00:00-03:00,"14966,15284"
312,Ministra admite el primer empleo sigue siendo un desafío y apuntan a más oportunidades para jóvenes,2,2026-09-20 21:00:00-03:00,2026-09-20 21:00:00-03:00,"14968,15133"
368,Gobernación del Caaguazú lanza programa para apoyar a jóvenes emprendedores del departamento - OviedoPress,2,2026-09-20 21:00:00-03:00,2026-09-20 21:00:00-03:00,"15062,15261"
370,"Pedido de indulto para Hugo Javier se vuelve viral, pero su abogado admite que aún no reúne los requisitos - OviedoPress",2,2026-09-20 21:00:00-03:00,2026-09-20 21:00:00-03:00,"15065,15279"
377,Aparatoso vuelco sobre la ruta PY22 deja un herido en Concepción - Concepción al Día,2,2026-09-20 21:00:00-03:00,2026-09-20 21:00:00-03:00,"15074,15076"
378,Vehículo vuelca sobre la ruta PY05 y deja dos personas heridas - Concepción al Día,2,2026-09-20 21:00:00-03:00,2026-09-20 21:00:00-03:00,"15075,15458"
384,APREHENDEN A MUJER TRAS PRESUNTAMENTE CAUSAR DAÑOS EN UNA BODEGA DE ENCARNACIÓN,2,2026-09-20 21:00:00-03:00,2026-09-20 21:00:00-03:00,"15083,15099"
386,Alertan sobre infartos a edades cada vez más tempranas,2,2026-09-20 21:00:00-03:00,2026-09-20 21:00:00-03:00,"15088,15255"
403,San Ignacio: trabajadores de salud cierran la ruta PY01 y exigen aumento salarial del 50% - Nacionales - ABC Color,2,2026-09-20 21:00:00-03:00,2026-09-20 21:00:00-03:00,"15119,15339"
404,Primer crimen por placer en Paraguay: Nuevo libro narra cómo la mamá dio con los autores,2,2026-09-20 21:00:00-03:00,2026-09-20 21:00:00-03:00,"15123,15525"
422,Batalla de Boquerón: ¿se traslada al lunes el feriado del 29 de setiembre? - Viajes - ABC Color,2,2026-09-20 21:00:00-03:00,2026-09-20 21:00:00-03:00,"15164,15296"
443,La Nación / Senado lanza app para dar mayor participación ciudadana en la toma de decisiones,2,2026-09-20 21:00:00-03:00,2026-09-20 21:00:00-03:00,"15190,15218"
446,Mujer fue brutalmente golpeada y su actual pareja es el principal sospechoso,2,2026-09-20 21:00:00-03:00,2026-09-20 21:00:00-03:00,"15193,15334"
456,Blanca Ovelar cuestiona a las supervisiones pedagógicas tras los resultados de pruebas PISA,2,2026-09-20 21:00:00-03:00,2026-09-20 21:00:00-03:00,"15215,15420"
464,Popular / Mades rescató a siete loritos en Luque,2,2026-09-20 21:00:00-03:00,2026-09-20 21:00:00-03:00,"15225,15380"
475,Macabro hallazgo en Paso Yobái,2,2026-09-20 21:00:00-03:00,2026-09-20 21:00:00-03:00,"15240,15283"
495,CARLOS PEREIRA PRESENTÓ UNA AGENDA LEGISLATIVA Y ASUMIÓ COMPROMISOS DE CAMPAÑA,2,2026-09-20 21:00:00-03:00,2026-09-20 21:00:00-03:00,"15271,15462"
501,¿Cuánta plata manejan los gobernadores del G15?,2,2026-09-20 21:00:00-03:00,2026-09-20 21:00:00-03:00,"15287,15308"
503,Sobre una cama de rosas: Teatro total para una nueva generación,2,2026-09-20 21:00:00-03:00,2026-09-20 21:00:00-03:00,"15290,15512"
504,La Nación / Rigo Chamorro agasajará a la juventud esteña con un festival estelar y gratuito,2,2026-09-20 21:00:00-03:00,2026-09-20 21:00:00-03:00,"15291,15392"
516,Anuncian frente frío con lluvias y marcado descenso de la temperatura - Clima - ABC Color,2,2026-09-20 21:00:00-03:00,2026-09-20 21:00:00-03:00,"15314,15505"
517,"Río Paraguay sigue en descenso, pero riesgo de inundaciones por El Niño se mantiene - Nacionales - ABC Color",2,2026-09-20 21:00:00-03:00,2026-09-20 21:00:00-03:00,"15315,15439"
518,"Día de la Juventud: desempleo golpea con más fuerza a menores de 25 años, revela MTESS - Economía - ABC Color",2,2026-09-20 21:00:00-03:00,2026-09-20 21:00:00-03:00,"15316,15529"
537,La Nación / Municipalidad de Fernando de la Mora amedrenta a vecinos y a periodistas,2,2026-09-20 21:00:00-03:00,2026-09-20 21:00:00-03:00,"15343,15401"
584,Imputan a las máximas autoridades de APA por presunta lesión de confianza por cerca de G 2.000 millones,2,2026-09-20 21:00:00-03:00,2026-09-20 21:00:00-03:00,"15429,15565"
586,"Video: Con sirenas, bomberos reclaman pagos de subsidios a la Municipalidad de Hernandarias",2,2026-09-20 21:00:00-03:00,2026-09-20 21:00:00-03:00,"15431,15544"
602,Diputados define mañana la prohibición de celulares en todas las instituciones educativas - Política - ABC Color,2,2026-09-20 21:00:00-03:00,2026-09-20 21:00:00-03:00,"15464,15480"
609,La Nación / Ministro de Salud anuncia controles estrictos al desempeño de los médicos,2,2026-09-20 21:00:00-03:00,2026-09-20 21:00:00-03:00,"15474,15573"
640,"CAEN DOS SOSPECHOSOS Y RECUPERAN PERFUMES, ZAPATILLAS Y UNA COCINA TRAS HURTO",2,2026-09-20 21:00:00-03:00,2026-09-20 21:00:00-03:00,"15530,15533"
1,Mantenimiento de caminos ante posibles efectos de El Niño,1,2026-09-19 21:00:00-03:00,2026-09-19 21:00:00-03:00,14545
2,Iván Duque debatirá sobre infraestructura en Paraguay,1,2026-09-19 21:00:00-03:00,2026-09-19 21:00:00-03:00,14546
3,Nuevo puente con Foz oxigenó el transporte pesado en la frontera,1,2026-09-19 21:00:00-03:00,2026-09-19 21:00:00-03:00,14547
4,Hernandarias atesora tres nombres y más de cuatro siglos de historia,1,2026-09-19 21:00:00-03:00,2026-09-19 21:00:00-03:00,14548
5,Golpe,1,2026-09-19 21:00:00-03:00,2026-09-19 21:00:00-03:00,14549
6,La cuenta de la canilla abierta,1,2026-09-19 21:00:00-03:00,2026-09-19 21:00:00-03:00,14550
7,El Estado clientelar se volvió populista,1,2026-09-19 21:00:00-03:00,2026-09-19 21:00:00-03:00,14551
8,¿Ganará de nuevo el Partido Colorado?,1,2026-09-19 21:00:00-03:00,2026-09-19 21:00:00-03:00,14552
9,Cómo negociar desde la política con la Iglesia,1,2026-09-19 21:00:00-03:00,2026-09-19 21:00:00-03:00,14553
10,La rebelión de los ahijados traza el futuro del cartismo,1,2026-09-19 21:00:00-03:00,2026-09-19 21:00:00-03:00,14554
11,IPPSE y desequilibrio energético,1,2026-09-19 21:00:00-03:00,2026-09-19 21:00:00-03:00,14555
12,La licencia con goce de sueldo y el imperativo de la capacitación en el Estado,1,2026-09-19 21:00:00-03:00,2026-09-19 21:00:00-03:00,14556
13,Los obreros de la viña,1,2026-09-19 21:00:00-03:00,2026-09-19 21:00:00-03:00,14557
15,"Sussy Sacco: 60 años de pasión, danza y disciplina",1,2026-09-19 21:00:00-03:00,2026-09-19 21:00:00-03:00,14559
16,Baila 2026: Una pareja eliminada y puro rock and roll,1,2026-09-19 21:00:00-03:00,2026-09-19 21:00:00-03:00,14560
17,"Telefuturo: Vive la Vida celebra 23 años, TF Stream 2 y estrena Calle 7: Al Límite",1,2026-09-19 21:00:00-03:00,2026-09-19 21:00:00-03:00,14561
18,El casamiento de Arlette y Fabrizio,1,2026-09-19 21:00:00-03:00,2026-09-19 21:00:00-03:00,14562
19,"Constanza y Carlos dieron el sí, quiero",1,2026-09-19 21:00:00-03:00,2026-09-19 21:00:00-03:00,14563
22,La Nación / Candidata de Lista 1 no objetará mesas del PLRA en Capiatá pese a vencer plazo electoral,1,2026-09-19 21:00:00-03:00,2026-09-19 21:00:00-03:00,14566
23,La Nación / Concluye con éxito el proyecto de rescate histórico sobre filmes de la Guerra del Chaco,1,2026-09-19 21:00:00-03:00,2026-09-19 21:00:00-03:00,14567
25,La Nación / Entre escombros y tambores: el lado humano tras el sismo,1,2026-09-19 21:00:00-03:00,2026-09-19 21:00:00-03:00,14569
26,La Nación / El desafío de crear en tiempos de inteligencia artificial,1,2026-09-19 21:00:00-03:00,2026-09-19 21:00:00-03:00,14570
27,"La Nación / “Manual de fechorías sexuales”, cuentos para domar la pacatería",1,2026-09-19 21:00:00-03:00,2026-09-19 21:00:00-03:00,14571
28,La Nación / “El cine paraguayo tiene una base muy sólida en el terror”,1,2026-09-19 21:00:00-03:00,2026-09-19 21:00:00-03:00,14572
29,La Nación / Del dolor a los recuerdos. A Jorge Mendelzon,1,2026-09-19 21:00:00-03:00,2026-09-19 21:00:00-03:00,14573
30,La Nación / Cómo hablar del suicidio con responsabilidad,1,2026-09-19 21:00:00-03:00,2026-09-19 21:00:00-03:00,14574
33,La Nación / A Ultranza Py: Fiscalía expone en juicio más de 2.000 chats entre Marset y Tío Rico,1,2026-09-19 21:00:00-03:00,2026-09-19 21:00:00-03:00,14578
34,"La Nación / MEF: Paraguay acumula 24 meses de crecimiento superior al 4% y avanza 5,6% en el año",1,2026-09-19 21:00:00-03:00,2026-09-19 21:00:00-03:00,14579
38,La Nación / Histórico acuerdo beneficia a 83.000 docentes con inversión de USD 80 millones,1,2026-09-19 21:00:00-03:00,2026-09-19 21:00:00-03:00,14583
40,La Nación / Diego Schäfer presenta su nueva exposición “Optical Abstraacción” en la Galería Exaedro,1,2026-09-19 21:00:00-03:00,2026-09-19 21:00:00-03:00,14587
41,La Nación / El ICPA anuncia los últimos encuentros del Club de Lectura “Voces femeninas”,1,2026-09-19 21:00:00-03:00,2026-09-19 21:00:00-03:00,14588
42,La Nación / Ciudad Mansa celebra cinco años de trayectoria con la promoción de su segundo disco,1,2026-09-19 21:00:00-03:00,2026-09-19 21:00:00-03:00,14589
43,La Nación / Fiestas patrias: distinguida cita en la Embajada de Chile,1,2026-09-19 21:00:00-03:00,2026-09-19 21:00:00-03:00,14590
44,Santiago Peña se reúne con Delcy Rodríguez en Venezuela | Unicanal,1,2026-09-19 21:00:00-03:00,2026-09-19 21:00:00-03:00,14593
45,El Niño presiona al Canal de Panamá y anticipa más restricciones,1,2026-09-19 21:00:00-03:00,2026-09-19 21:00:00-03:00,14594
46,Financiamiento busca destrabar la formalización de Mipymes alimentarias,1,2026-09-19 21:00:00-03:00,2026-09-19 21:00:00-03:00,14595
47,Estos son los destinos preferidos para pasar las vacaciones de octubre,1,2026-09-19 21:00:00-03:00,2026-09-19 21:00:00-03:00,14596
48,La IA dispara la demanda de gas en EE.UU. hacia 2035,1,2026-09-19 21:00:00-03:00,2026-09-19 21:00:00-03:00,14597
49,Trump acelera la carrera por la IA y prepara un nuevo “zar”,1,2026-09-19 21:00:00-03:00,2026-09-19 21:00:00-03:00,14598
50,Cuando más es más,1,2026-09-19 21:00:00-03:00,2026-09-19 21:00:00-03:00,14600
51,De pirata a enclave del lujo,1,2026-09-19 21:00:00-03:00,2026-09-19 21:00:00-03:00,14601
52,8 claves para aprovechar el dólar bajo,1,2026-09-19 21:00:00-03:00,2026-09-19 21:00:00-03:00,14602
53,Paraguay se encuentra en un punto de inflexión histórica,1,2026-09-19 21:00:00-03:00,2026-09-19 21:00:00-03:00,14603
55,CGR sumaria a intendentes en campaña por no presentar declaraciones juradas,1,2026-09-19 21:00:00-03:00,2026-09-19 21:00:00-03:00,14607
56,Vialeras y Gobierno ajustan procedimiento para agilizar pago de intereses por obras - ADN Digital,1,2026-09-19 21:00:00-03:00,2026-09-19 21:00:00-03:00,14608
58,"Por culpa de irresponsables, colapsó el sistema 911 - ADN Digital",1,2026-09-19 21:00:00-03:00,2026-09-19 21:00:00-03:00,14610
60,Rigo Chamorro propone una Junta Municipal con “menos confrontación y más soluciones” - ADN Digital,1,2026-09-19 21:00:00-03:00,2026-09-19 21:00:00-03:00,14612
61,"Con Ojeda, la ANR pretende recuperar Fernando de la Mora - ADN Digital",1,2026-09-19 21:00:00-03:00,2026-09-19 21:00:00-03:00,14613
62,Mayor participación al mediodía en Berlín que en las elecciones de 2023 - ADN Digital,1,2026-09-19 21:00:00-03:00,2026-09-19 21:00:00-03:00,14614
63,Paraguay supera las 350.000 pruebas de VIH y avanza en el tratamiento temprano - ADN Digital,1,2026-09-19 21:00:00-03:00,2026-09-19 21:00:00-03:00,14615
65,Cita dominical en el Defensores del Chaco - ADN Digital,1,2026-09-19 21:00:00-03:00,2026-09-19 21:00:00-03:00,14617
66,Cerro Porteño se adueña de la victoria en barrio Obrero - ADN Digital,1,2026-09-19 21:00:00-03:00,2026-09-19 21:00:00-03:00,14618
69,Filizzola acusa a Peña y al cartismo de poner en riesgo los fondos públicos y del IPS - Política - ABC Color,1,2026-09-19 21:00:00-03:00,2026-09-19 21:00:00-03:00,14622
70,"Iglesia llama a jóvenes a no entregar la patria a quienes siembran “muerte, violencia y corrupción” - Nacionales - ABC Color",1,2026-09-19 21:00:00-03:00,2026-09-19 21:00:00-03:00,14623
75,El chanchón y el funebrero por dejar sus malas rachas atrás,1,2026-09-19 21:00:00-03:00,2026-09-19 21:00:00-03:00,14628
76,ENCUENTRAN ABANDONADA EN UN MONTE LA MOTOCICLETA HURTADA EN CAMBYRETÁ,1,2026-09-19 21:00:00-03:00,2026-09-19 21:00:00-03:00,14629
78,Bomberos advierten sobre hundimiento del asfalto sobre ruta PY06 en Trinidad - Economía - ABC Color,1,2026-09-19 21:00:00-03:00,2026-09-19 21:00:00-03:00,14631
80,Fiscalía refuerza hipótesis de una caída en el caso Hugo Javier,1,2026-09-19 21:00:00-03:00,2026-09-19 21:00:00-03:00,14634
81,Plaza Uruguaya renueva sus espacios para recuperar su esencia y fortalecer la vida comunitaria,1,2026-09-19 21:00:00-03:00,2026-09-19 21:00:00-03:00,14635
82,Flávio Bolsonaro acusa a Lula de “querer comprar a pobres” | Diario Paraguayo,1,2026-09-19 21:00:00-03:00,2026-09-19 21:00:00-03:00,14636
87,Primavera con calor y chaparrones en Paraguay | Diario Paraguayo,1,2026-09-19 21:00:00-03:00,2026-09-19 21:00:00-03:00,14642
88,Fingió ser cliente para pelar una farmacia,1,2026-09-19 21:00:00-03:00,2026-09-19 21:00:00-03:00,14648
89,Aprendió un oficio y convirtió los palets en su fuente de ingresos,1,2026-09-19 21:00:00-03:00,2026-09-19 21:00:00-03:00,14649
90,Caacupé debatirá los retos del periodismo - QAP CHACO NEWS,1,2026-09-19 21:00:00-03:00,2026-09-19 21:00:00-03:00,14650
92,Más de 150 gua’a embellecen el cielo en el Departamento Central,1,2026-09-19 21:00:00-03:00,2026-09-19 21:00:00-03:00,14652
93,Créditos para la vivienda crecen pese al pesimismo habitacional,1,2026-09-19 21:00:00-03:00,2026-09-19 21:00:00-03:00,14653
94,Futura planta logra más de 190.000 créditos de carbono,1,2026-09-19 21:00:00-03:00,2026-09-19 21:00:00-03:00,14654
96,La Nación / Tragedia en Capiatá: discusión vecinal termina con un fallecido y un herido,1,2026-09-19 21:00:00-03:00,2026-09-19 21:00:00-03:00,14656
97,La Nación / IPS Ingavi habilita un consultorio especializado en cirugía vascular,1,2026-09-19 21:00:00-03:00,2026-09-19 21:00:00-03:00,14657
98,Ho’a dos rapais con 45 mil reales falsos,1,2026-09-19 21:00:00-03:00,2026-09-19 21:00:00-03:00,14666
99,"Dirigentes admiten preferencias, pero relativizan interna por vice",1,2026-09-19 21:00:00-03:00,2026-09-19 21:00:00-03:00,14667
100,Justicia Electoral y el Ministerio Público coordinan aplicación del Voto Asistido,1,2026-09-19 21:00:00-03:00,2026-09-19 21:00:00-03:00,14669
101,La Nación / Vende sopa paraguaya en Argentina para cumplir su sueño: estudiar en la universidad,1,2026-09-19 21:00:00-03:00,2026-09-19 21:00:00-03:00,14670
102,Sportivo San Lorenzo vs. Olimpia-EN VIVO,1,2026-09-19 21:00:00-03:00,2026-09-19 21:00:00-03:00,14671
103,Interceptan dos camionetas con más de dos toneladas de marihuana en Bella Vista Norte,1,2026-09-19 21:00:00-03:00,2026-09-19 21:00:00-03:00,14673
105,TRES PERSONAS ABANDONAN ANIMAL VACUNO TRAS HUIR DE LA POLICÍA EN ALTO VERÁ,1,2026-09-19 21:00:00-03:00,2026-09-19 21:00:00-03:00,14675
108,"Asalto con toma de rehén, persecución y tiroteo con policías en María Auxiliadora",1,2026-09-19 21:00:00-03:00,2026-09-19 21:00:00-03:00,14679
112,[VÍDEO] La cábala bilardista que le dio la clasificación a Estudiantes,1,2026-09-19 21:00:00-03:00,2026-09-19 21:00:00-03:00,14683
113,Final feliz: localizan a familiares de una mujer desorientada en Asunción - Policiales - ABC Color,1,2026-09-19 21:00:00-03:00,2026-09-19 21:00:00-03:00,14684
114,Obras de reparación cloacal continúan este lunes en el centro de Luque - Nacionales - ABC Color,1,2026-09-19 21:00:00-03:00,2026-09-19 21:00:00-03:00,14685
115,Ex ministro plantea negociación directa por deuda con Venezuela,1,2026-09-19 21:00:00-03:00,2026-09-19 21:00:00-03:00,14687
116,Popular / Ho'a dos tipos tras robar en una tienda de repuestos,1,2026-09-19 21:00:00-03:00,2026-09-19 21:00:00-03:00,14688
117,"Popular / Realizaron ""en vivo"" preparado de un cadáver",1,2026-09-19 21:00:00-03:00,2026-09-19 21:00:00-03:00,14689
119,"Popular / La concejala ""más juky"" apuesta por una Capital con ""trabajo serio y sensibilidad""",1,2026-09-19 21:00:00-03:00,2026-09-19 21:00:00-03:00,14691
120,Corea del Norte lanzó dos misiles balísticos hacia el mar | Diario Paraguayo,1,2026-09-19 21:00:00-03:00,2026-09-19 21:00:00-03:00,14692
123,Fiorentina rescata un punto ante el Napoli | Diario Paraguayo,1,2026-09-19 21:00:00-03:00,2026-09-19 21:00:00-03:00,14699
128,"Sin despeinarse, le hizo tres a “SanLo”",1,2026-09-19 21:00:00-03:00,2026-09-19 21:00:00-03:00,14708
129,Olimpia golea 3-0 a San Lorenzo y se afianza como escolta de Libertad al cierre de la primera rueda,1,2026-09-19 21:00:00-03:00,2026-09-19 21:00:00-03:00,14709
130,Brasil probará desde octubre un sistema de control con inteligencia artificial en el Puente de la Amistad,1,2026-09-19 21:00:00-03:00,2026-09-19 21:00:00-03:00,14710
131,Joven muere electrocutado al manipular tendido eléctrico de la ANDE - Amambay News,1,2026-09-19 21:00:00-03:00,2026-09-19 21:00:00-03:00,14711
134,Suman 1.451 muertos a casi un mes de las inundaciones en Nepal - Amambay News,1,2026-09-19 21:00:00-03:00,2026-09-19 21:00:00-03:00,14715
137,Concepción igualó ante Barreteña y deberá ganar para seguir en carrera - Concepción al Día,1,2026-09-19 21:00:00-03:00,2026-09-19 21:00:00-03:00,14721
138,Cooperativa Universitaria celebró la juventud con su primer Sunset Experience,1,2026-09-19 21:00:00-03:00,2026-09-19 21:00:00-03:00,14722
139,"Continental, preparado para liderar la nueva era del CDA Digital en Paraguay",1,2026-09-19 21:00:00-03:00,2026-09-19 21:00:00-03:00,14723
141,Aprehenden a hombre por supuesta tentativa de robo y lesión en Ayolas - Policiales - ABC Color,1,2026-09-19 21:00:00-03:00,2026-09-19 21:00:00-03:00,14725
142,"Cardenal Martínez insta a los jóvenes a sembrar amor, honestidad y esperanza",1,2026-09-19 21:00:00-03:00,2026-09-19 21:00:00-03:00,14726
148,Popular / Horacio Cartes celebró el Rosh Hashaná con la comunidad judía,1,2026-09-19 21:00:00-03:00,2026-09-19 21:00:00-03:00,14735
149,UNAM: La Historia de una Semilla Sembrada por Profesionales de Amambay,1,2026-09-19 21:00:00-03:00,2026-09-19 21:00:00-03:00,14745
150,"Investigan crimen en Capiatá: un muerto, un herido detenido y dos aprehendidos - Amambay News",1,2026-09-19 21:00:00-03:00,2026-09-19 21:00:00-03:00,14746
152,Colección sobre los Protagonistas de la Segunda Guerra Mundial,1,2026-09-19 21:00:00-03:00,2026-09-19 21:00:00-03:00,14750
153,Millie Bobby Brown es madre por segunda vez a través de la adopción,1,2026-09-19 21:00:00-03:00,2026-09-19 21:00:00-03:00,14751
154,"La Nación / “Encarnación, 1926”: el cortometraje que recrea el histórico ciclón con monstruos míticos",1,2026-09-19 21:00:00-03:00,2026-09-19 21:00:00-03:00,14752
155,"Popular / Sábado sangriento: un muerto, un herido y varios detenidos",1,2026-09-19 21:00:00-03:00,2026-09-19 21:00:00-03:00,14753
156,Popular / Olimpia goleó y ya sueña con adueñarse de la punta en el clásico blanco y negro,1,2026-09-19 21:00:00-03:00,2026-09-19 21:00:00-03:00,14755
157,Rusia asegura que el intento de Kiev de atacar Moscú durante los comicios legislativos no tuvo éxito,1,2026-09-19 21:00:00-03:00,2026-09-19 21:00:00-03:00,14757
158,Juez de Capitán Bado enfrenta doble presión: imputación por subasta de bienes de “Cabeza Branca” y polémica por su matrimonio en Brasil - Amambay News,1,2026-09-19 21:00:00-03:00,2026-09-19 21:00:00-03:00,14758
160,"Luque: las propuestas del candidato liberal, del empedrado al “cepo cero” - Política - ABC Color",1,2026-09-19 21:00:00-03:00,2026-09-19 21:00:00-03:00,14760
161,La Ruta Bioceánica exige un Estado presente contra la trata de personas,1,2026-09-19 21:00:00-03:00,2026-09-19 21:00:00-03:00,14761
162,Liz Analia Acosta,1,2026-09-19 21:00:00-03:00,2026-09-19 21:00:00-03:00,14762
163,La Nación / Economistas coinciden en un reajuste de presupuesto y replanteamiento tributario a futuro,1,2026-09-19 21:00:00-03:00,2026-09-19 21:00:00-03:00,14763
164,La Nación / PISA 2025: Nancy Ovelar urge acompañar al docente y enfocar en la lectura,1,2026-09-19 21:00:00-03:00,2026-09-19 21:00:00-03:00,14764
165,La Nación / PISA 2025: especialista urge cambios metodológicos ante rezago en Paraguay,1,2026-09-19 21:00:00-03:00,2026-09-19 21:00:00-03:00,14765
167,La Nación / “La producción puede realizarse en armonía con los recursos naturales”,1,2026-09-19 21:00:00-03:00,2026-09-19 21:00:00-03:00,14767
168,"La Nación / Neruda y Paraguay: un diálogo entre la poesía, el exilio y la memoria",1,2026-09-19 21:00:00-03:00,2026-09-19 21:00:00-03:00,14768
169,"La Nación / Parque Caballero, el revivir de un pulmón histórico de Asunción",1,2026-09-19 21:00:00-03:00,2026-09-19 21:00:00-03:00,14769
170,"La Nación / IA, desinfodemia y Sun Tzu",1,2026-09-19 21:00:00-03:00,2026-09-19 21:00:00-03:00,14770
174,La Nación / Paraguarí baja de las nubes al líder,1,2026-09-19 21:00:00-03:00,2026-09-19 21:00:00-03:00,14774
175,"Popular / ""Xuxa"" demandó a su ex paquita por ""malagradecida""",1,2026-09-19 21:00:00-03:00,2026-09-19 21:00:00-03:00,14776
176,Popular / Peregrinos que iban a visitar a la Virgen de Aparecida cayeron con su bus en un barranco,1,2026-09-19 21:00:00-03:00,2026-09-19 21:00:00-03:00,14777
177,Popular / ¡Qué mala pata! Derlis se lesionó cuando iba a entrar,1,2026-09-19 21:00:00-03:00,2026-09-19 21:00:00-03:00,14778
178,Augusto Cury emerge como tercera opción en Brasil | Diario Paraguayo,1,2026-09-19 21:00:00-03:00,2026-09-19 21:00:00-03:00,14779
179,[VIDEO] Se autorregaló rosas en el 2023 y hoy tiene un jardín,1,2026-09-19 21:00:00-03:00,2026-09-19 21:00:00-03:00,14788
180,[VIDEO] “Creo que la jugada merecía ser convalidada”,1,2026-09-19 21:00:00-03:00,2026-09-19 21:00:00-03:00,14789
181,El “Kure” desplumó anga a un pobre “Canario”,1,2026-09-19 21:00:00-03:00,2026-09-19 21:00:00-03:00,14790
182,"Ronald Acevedo y Luis Guillén: dos nombres, dos trayectorias y una decisión que corresponde a la ciudadanía",1,2026-09-19 21:00:00-03:00,2026-09-19 21:00:00-03:00,14792
183,Meteorología anuncia ráfagas de hasta 90 km/h y posterior descenso de temperatura - Amambay News,1,2026-09-19 21:00:00-03:00,2026-09-19 21:00:00-03:00,14793
184,"""La gente busca un trabajo digno"": Valenzuela llama a mirar la realidad de quienes buscan oportunidades - Amambay News",1,2026-09-19 21:00:00-03:00,2026-09-19 21:00:00-03:00,14794
185,Paraguay duplica las pruebas de VIH y agiliza inicio de los tratamientos en todo el país - Amambay News,1,2026-09-19 21:00:00-03:00,2026-09-19 21:00:00-03:00,14796
187,Luqueño se recupera en el rentrée de Lucas Barrios y prolonga la crisis de Recoleta - Amambay News,1,2026-09-19 21:00:00-03:00,2026-09-19 21:00:00-03:00,14798
188,Caaguazú golpeó fuerte a Ovetense y quedó a un paso de las semifinales - OviedoPress,1,2026-09-19 21:00:00-03:00,2026-09-19 21:00:00-03:00,14801
189,Tamarindo se consagra campeón senior del Rancho La Amistad - Concepción al Día,1,2026-09-19 21:00:00-03:00,2026-09-19 21:00:00-03:00,14804
190,Bonifacio Ríos: “La política es el cáncer de la academia”,1,2026-09-19 21:00:00-03:00,2026-09-19 21:00:00-03:00,14805
192,Haití extradita a EEUU a sospechosos del magnicidio de Moïse - Amambay News,1,2026-09-19 21:00:00-03:00,2026-09-19 21:00:00-03:00,14810
194,Vayan a mi viña - Opinión - ABC Color,1,2026-09-19 21:00:00-03:00,2026-09-19 21:00:00-03:00,14814
195,Impunidad vs. abigeato - Opinión - ABC Color,1,2026-09-19 21:00:00-03:00,2026-09-19 21:00:00-03:00,14815
196,Recuerdos ahogados - Opinión - ABC Color,1,2026-09-19 21:00:00-03:00,2026-09-19 21:00:00-03:00,14816
197,Ascensor de oro inservible - Opinión - ABC Color,1,2026-09-19 21:00:00-03:00,2026-09-19 21:00:00-03:00,14817
199,Estas son las pruebas por las cuales un Tribunal condenó a Hugo Javier y Robles - El Observador,1,2026-09-19 21:00:00-03:00,2026-09-19 21:00:00-03:00,15018
200,"En alegatos finales en caso Hernán Rivas, Fiscalía cuestiona documentos y testimonios - Amambay News",1,2026-09-19 21:00:00-03:00,2026-09-19 21:00:00-03:00,15258
201,Advierten diferencias contables en los registros de fondos públicos en banco - Política - ABC Color,1,2026-09-20 21:00:00-03:00,2026-09-20 21:00:00-03:00,14818
203,Día de la Juventud: cómo protegerse del ciberacoso y el grooming - Policiales - ABC Color,1,2026-09-20 21:00:00-03:00,2026-09-20 21:00:00-03:00,14820
205,¿Por qué Sitrande se opone a la creación de un ente regulador y el Ministerio de Energía? - Economía - ABC Color,1,2026-09-20 21:00:00-03:00,2026-09-20 21:00:00-03:00,14824
208,Estudiar en el país de los títulos falsos: el amargo contraste de ser joven hoy en Paraguay - Nacionales - ABC Color,1,2026-09-20 21:00:00-03:00,2026-09-20 21:00:00-03:00,14827
210,Exigen al BCP respuestas técnicas ante dudas sobre el sistema financiero - Política - ABC Color,1,2026-09-20 21:00:00-03:00,2026-09-20 21:00:00-03:00,14829
211,Jubilados advierten que la ley de emergencia del IPS podría volver a beneficiar a los “amigos” de Peña - Política - ABC Color,1,2026-09-20 21:00:00-03:00,2026-09-20 21:00:00-03:00,14830
212,Río Paraguay sigue descendiendo en zona de Concepción - Clima - ABC Color,1,2026-09-20 21:00:00-03:00,2026-09-20 21:00:00-03:00,14831
213,Día de la Juventud: un emprendedor que incursiona en la relojería - ABC en el Este - ABC Color,1,2026-09-20 21:00:00-03:00,2026-09-20 21:00:00-03:00,14832
214,Pargos Tech consolida su expansión con la inauguración de su nuevo Centro de distribución y logística - Negocios - ABC Color,1,2026-09-20 21:00:00-03:00,2026-09-20 21:00:00-03:00,14834
217,"Francia considera ""real y documentada"" la amenaza de guerra híbrida rusa - Mundo - ABC Color",1,2026-09-20 21:00:00-03:00,2026-09-20 21:00:00-03:00,14837
218,Presidente de Irán viajará a Nueva York para la Asamblea de la ONU en plena guerra - Mundo - ABC Color,1,2026-09-20 21:00:00-03:00,2026-09-20 21:00:00-03:00,14838
219,Pakistán eleva a 50 los muertos en el atentado del viernes contra complejo policial - Mundo - ABC Color,1,2026-09-20 21:00:00-03:00,2026-09-20 21:00:00-03:00,14839
220,Alitas de pollo y tartas en órbita: China estrena “air fryer” espacial - Ciencia - ABC Color,1,2026-09-20 21:00:00-03:00,2026-09-20 21:00:00-03:00,14841
221,¿Se puede prevenir el Alzhéimer? Esto es lo que realmente sabemos - Ciencia - ABC Color,1,2026-09-20 21:00:00-03:00,2026-09-20 21:00:00-03:00,14842
223,Cómo ganarse la confianza de un gato: qué gestos funcionan según la ciencia - Mascotas - ABC Color,1,2026-09-20 21:00:00-03:00,2026-09-20 21:00:00-03:00,14845
224,"Murió Presley Gerber, hijo de la modelo estadounidense Cindy Crawford - Gente - ABC Color",1,2026-09-20 21:00:00-03:00,2026-09-20 21:00:00-03:00,14847
225,Punto Farma celebra 25 años con récord de corredores: 6161 - Sociales - ABC Color,1,2026-09-20 21:00:00-03:00,2026-09-20 21:00:00-03:00,14848
228,Lunes con tormentas en Paraguay: ¿Hasta qué día va a llover y cuándo volverá el fresco? - Clima - ABC Color,1,2026-09-20 21:00:00-03:00,2026-09-20 21:00:00-03:00,14852
229,Capiatá: hombre mató a tiros a joven por cruzar su cancha de vóley - Policiales - ABC Color,1,2026-09-20 21:00:00-03:00,2026-09-20 21:00:00-03:00,14853
230,"Video: ebrio y sin licencia, chocó cuatro veces y terminó incrustado en una señal en Luque - Policiales - ABC Color",1,2026-09-20 21:00:00-03:00,2026-09-20 21:00:00-03:00,14854
235,"PGN 2027: Advierten de más gasto y deuda, con menor margen fiscal",1,2026-09-20 21:00:00-03:00,2026-09-20 21:00:00-03:00,14859
236,"Pagaron hasta el último grano, afirman; igual quedaron sin casa",1,2026-09-20 21:00:00-03:00,2026-09-20 21:00:00-03:00,14860
238,El gran negocio de la marihuana se expande en las áreas protegidas,1,2026-09-20 21:00:00-03:00,2026-09-20 21:00:00-03:00,14862
239,No hay observadores nacionales para municipales y sugieren ley,1,2026-09-20 21:00:00-03:00,2026-09-20 21:00:00-03:00,14863
240,IPS: Fallas en farmacias dejaron sin rastrear salida de fármacos,1,2026-09-20 21:00:00-03:00,2026-09-20 21:00:00-03:00,14864
244,Parlamentarios están expectantes ante la sentencia en el caso Rivas,1,2026-09-20 21:00:00-03:00,2026-09-20 21:00:00-03:00,14875
246,Incendios destapan desidia comunal con bomberos pese a cobro de tasa,1,2026-09-20 21:00:00-03:00,2026-09-20 21:00:00-03:00,14877
248,Necesidad del estudio socioambiental,1,2026-09-20 21:00:00-03:00,2026-09-20 21:00:00-03:00,14879
249,La metamorfosis del poder,1,2026-09-20 21:00:00-03:00,2026-09-20 21:00:00-03:00,14880
250,La fragilidad del equilibrio: Peña entre el cartismo y la crisis,1,2026-09-20 21:00:00-03:00,2026-09-20 21:00:00-03:00,14881
251,"San Mateo, apóstol y evangelista",1,2026-09-20 21:00:00-03:00,2026-09-20 21:00:00-03:00,14882
253,"Muere a los 27 años el modelo Presley Gerber, hijo de Cindy Crawford",1,2026-09-20 21:00:00-03:00,2026-09-20 21:00:00-03:00,14884
254,2007 Oniria celebra su primer galardón,1,2026-09-20 21:00:00-03:00,2026-09-20 21:00:00-03:00,14885
259,La Nación / Municipales: arranca notificación de miembros de mesa y despliegue de kits electorales,1,2026-09-20 21:00:00-03:00,2026-09-20 21:00:00-03:00,14890
263,La Nación / Exnovia de Prieto colaboró con 4 proveedores falsos en caso Tía Chela,1,2026-09-20 21:00:00-03:00,2026-09-20 21:00:00-03:00,14898
264,"La Nación / Paraguay, el segundo con mayor crecimiento turístico",1,2026-09-20 21:00:00-03:00,2026-09-20 21:00:00-03:00,14899
265,La Nación / La primavera arranca con ambiente cálido a caluroso y lluvias,1,2026-09-20 21:00:00-03:00,2026-09-20 21:00:00-03:00,14900
266,La Nación / Costas le ve mucho mejor a su equipo,1,2026-09-20 21:00:00-03:00,2026-09-20 21:00:00-03:00,14901
267,La Nación / El drama español “La Bola Negra” se consagra en el Festival de Toronto,1,2026-09-20 21:00:00-03:00,2026-09-20 21:00:00-03:00,14902
269,Principales Empresas Adjudicadas en Licitaciones Públicas – Semana del 14 al 20 de septiembre de 2026,1,2026-09-20 21:00:00-03:00,2026-09-20 21:00:00-03:00,14904
270,Municipalidades con Mayor Monto Adjudicado en Paraguay – Semana del 14 al 20 de septiembre de 2026,1,2026-09-20 21:00:00-03:00,2026-09-20 21:00:00-03:00,14905
271,Gobernaciones con Adjudicaciones – Semana del 14 al 20 de septiembre de 2026,1,2026-09-20 21:00:00-03:00,2026-09-20 21:00:00-03:00,14906
272,Top Convocantes con Mayor Monto Adjudicado – Semana del 14 al 20 de septiembre de 2026,1,2026-09-20 21:00:00-03:00,2026-09-20 21:00:00-03:00,14907
273,Stephania Stegman representa a Paraguay junto a H&M en Londres,1,2026-09-20 21:00:00-03:00,2026-09-20 21:00:00-03:00,14908
274,"Inflación, empleo y deuda marcarán la economía argentina en 2027",1,2026-09-20 21:00:00-03:00,2026-09-20 21:00:00-03:00,14909
275,"Alertas sobre ueno no prueban incumplimientos de la Ley, señala economista",1,2026-09-20 21:00:00-03:00,2026-09-20 21:00:00-03:00,14910
276,"La ONU encara una semana clave entre guerras, inteligencia artificial y Trump",1,2026-09-20 21:00:00-03:00,2026-09-20 21:00:00-03:00,14911
277,El FC Barcelona asumirá otros US$ 580 millones para terminar el Camp Nou,1,2026-09-20 21:00:00-03:00,2026-09-20 21:00:00-03:00,14912
278,"El 28,5% de los trabajadores paraguayos tiene entre 15 y 29 años",1,2026-09-20 21:00:00-03:00,2026-09-20 21:00:00-03:00,14914
279,Europa debate cómo competir en IA frente a EE.UU.,1,2026-09-20 21:00:00-03:00,2026-09-20 21:00:00-03:00,14915
280,Comprar antes de que exista: cómo funciona hoy la inversión en pozo en Paraguay,1,2026-09-20 21:00:00-03:00,2026-09-20 21:00:00-03:00,14916
281,Del trabajo al entrenamiento: Santo Pilates lleva su propuesta de bienestar a Paseo La Galería,1,2026-09-20 21:00:00-03:00,2026-09-20 21:00:00-03:00,14917
283,RELACIONES HUMANAS Y REFLEXIONES,1,2026-09-20 21:00:00-03:00,2026-09-20 21:00:00-03:00,14919
284,3×3 lunes 21de septiembre del 2026 por Benjamín Fernández Bogado,1,2026-09-20 21:00:00-03:00,2026-09-20 21:00:00-03:00,14923
285,EDUCACIÓN Y LLAMADAS DE ATENCIÓN,1,2026-09-20 21:00:00-03:00,2026-09-20 21:00:00-03:00,14924
286,LA PACIENCIA Y SUS VENTAJAS,1,2026-09-20 21:00:00-03:00,2026-09-20 21:00:00-03:00,14925
289,Primavera y juventud: una tradición que une a Paraguay,1,2026-09-20 21:00:00-03:00,2026-09-20 21:00:00-03:00,14932
290,Lluvias y descenso de temperatura marcan el lunes,1,2026-09-20 21:00:00-03:00,2026-09-20 21:00:00-03:00,14933
292,Trabajadores de salud piden 50% de aumento y cifran reclamo en USD 103 millones - ADN Digital,1,2026-09-20 21:00:00-03:00,2026-09-20 21:00:00-03:00,14936
293,PLRA prepara su TEI de cara al 2028 - ADN Digital,1,2026-09-20 21:00:00-03:00,2026-09-20 21:00:00-03:00,14938
297,Excanciller analiza acercamiento entre Paraguay y Venezuela,1,2026-09-20 21:00:00-03:00,2026-09-20 21:00:00-03:00,14943
298,Así piensa y vive la nueva generación joven,1,2026-09-20 21:00:00-03:00,2026-09-20 21:00:00-03:00,14944
299,INAT aclara mitos de la donación de médula ósea para sumar voluntarios,1,2026-09-20 21:00:00-03:00,2026-09-20 21:00:00-03:00,14945
300,Sistema de salud realiza 371.000 pruebas de VIH al año en Paraguay,1,2026-09-20 21:00:00-03:00,2026-09-20 21:00:00-03:00,14946
301,¿Qué esperar de la Asamblea General de la ONU? Nueva York recibe a los líderes globales,1,2026-09-20 21:00:00-03:00,2026-09-20 21:00:00-03:00,14947
302,Ganaderos evalúan fin de vacunación contra fiebre aftosa,1,2026-09-20 21:00:00-03:00,2026-09-20 21:00:00-03:00,14948
303,México: feminicidios ocultos y miles de mujeres aún desaparecidas,1,2026-09-20 21:00:00-03:00,2026-09-20 21:00:00-03:00,14950
304,"Trump amenaza con destruir Irán, pero abre la puerta a un acuerdo",1,2026-09-20 21:00:00-03:00,2026-09-20 21:00:00-03:00,14951
306,Líderes mundiales se reúnen en Nueva York para la asamblea de la ONU con las guerras e inteligencia artificial en la agenda,1,2026-09-20 21:00:00-03:00,2026-09-20 21:00:00-03:00,14955
309,Sin licencia y alcoholizado: Chofer con antecedentes queda preso tras chocar 4 veces en Luque,1,2026-09-20 21:00:00-03:00,2026-09-20 21:00:00-03:00,14963
310,"Falta de futuro, poco diálogo y menos oportunidades: psiquiatra explica por qué empeora la salud mental juvenil",1,2026-09-20 21:00:00-03:00,2026-09-20 21:00:00-03:00,14964
313,Detienen a hombre armado con varios antecedentes en Areguá,1,2026-09-20 21:00:00-03:00,2026-09-20 21:00:00-03:00,14969
314,Del mango a la tela: investigadora paraguaya desarrolla biomateriales para la industria textil,1,2026-09-20 21:00:00-03:00,2026-09-20 21:00:00-03:00,14971
315,"""Resident Evil"" arrasa en taquilla y logra el mejor estreno de la saga",1,2026-09-20 21:00:00-03:00,2026-09-20 21:00:00-03:00,14972
316,El agujero en la capa de ozono sobre la Antártida registró su menor extensión en 20 años,1,2026-09-20 21:00:00-03:00,2026-09-20 21:00:00-03:00,14973
317,Popular / Poli de la Caminera ligó sapatu plantilla râicha,1,2026-09-20 21:00:00-03:00,2026-09-20 21:00:00-03:00,14974
318,Popular / Más personas ikatuma oñemoi vacuna antidengue,1,2026-09-20 21:00:00-03:00,2026-09-20 21:00:00-03:00,14975
319,Popular / Oiko ñemenda guasu de 95 parejas,1,2026-09-20 21:00:00-03:00,2026-09-20 21:00:00-03:00,14977
320,"Popular / (VIDEO) ¡Periodista trató de ""jugador de cristal"" y ""planillero"" a Blas Riveros!",1,2026-09-20 21:00:00-03:00,2026-09-20 21:00:00-03:00,14979
321,Popular / 80% de llamadas al 911 son bromas o descuidos jeko,1,2026-09-20 21:00:00-03:00,2026-09-20 21:00:00-03:00,14980
322,Tecnología para no perder margen: así se prepara la agroindustria de Alto Paraná para una nueva campaña | Diario Paraguayo,1,2026-09-20 21:00:00-03:00,2026-09-20 21:00:00-03:00,14992
323,Expo Paraguay Brasil 2026: US$ 1.000M en negocios | Diario Paraguayo,1,2026-09-20 21:00:00-03:00,2026-09-20 21:00:00-03:00,14993
324,Disponibilidad tecnológica: estrategia empresarial clave | Diario Paraguayo,1,2026-09-20 21:00:00-03:00,2026-09-20 21:00:00-03:00,15001
325,Rajan a funebreros que hicieron vivo en TikTok mostrando los pies de un finado,1,2026-09-20 21:00:00-03:00,2026-09-20 21:00:00-03:00,15003
326,Iba al hospital a ver a su hijo accidentado y murió calcinado,1,2026-09-20 21:00:00-03:00,2026-09-20 21:00:00-03:00,15005
327,Renuncian o trabajan “en negro” con tal de no pagar la prestación,1,2026-09-20 21:00:00-03:00,2026-09-20 21:00:00-03:00,15006
328,¡Descontrol! Aspirantes a policía salieron de farra y volvieron apintonadas,1,2026-09-20 21:00:00-03:00,2026-09-20 21:00:00-03:00,15007
329,“Me hizo escándalo por seguirle a una chica en el Instagram”,1,2026-09-20 21:00:00-03:00,2026-09-20 21:00:00-03:00,15010
330,[VIDEO] ¡No puede seeeeer! ¿Por qué “Vitamina” se agarró con la hinchada?,1,2026-09-20 21:00:00-03:00,2026-09-20 21:00:00-03:00,15011
331,"Y hablando de primavera… “esta florcita no está para cualquier jardinero”, disparó",1,2026-09-20 21:00:00-03:00,2026-09-20 21:00:00-03:00,15012
332,Atendé lo que Ana Laura prefiere en lugar de flores amarillas 🍺,1,2026-09-20 21:00:00-03:00,2026-09-20 21:00:00-03:00,15014
333,"“Vamos con todo”, he’í Aliseda",1,2026-09-20 21:00:00-03:00,2026-09-20 21:00:00-03:00,15015
334,Corte tomó juramento a 344 abogados de la Sudamericana y 77 se recibieron en 3 años - El Observador,1,2026-09-20 21:00:00-03:00,2026-09-20 21:00:00-03:00,15016
335,Ex ujier acusado en caso mafia de pagarés figura en la lista de los “abogados exprés” - El Observador,1,2026-09-20 21:00:00-03:00,2026-09-20 21:00:00-03:00,15017
336,Brasil vuelve a exhibir fuerza en la frontera con siete aeronaves militares – Diario La Clave,1,2026-09-20 21:00:00-03:00,2026-09-20 21:00:00-03:00,15019
337,Policías “gatillo fácil” condenados por homicidio de pareja no pisarán la cárcel – Diario La Clave,1,2026-09-20 21:00:00-03:00,2026-09-20 21:00:00-03:00,15020
338,Candidatos copan CDE con carteles y la comuna tendrá que limpiar el desorden – Diario La Clave,1,2026-09-20 21:00:00-03:00,2026-09-20 21:00:00-03:00,15021
339,CEVIMA SA sigue con la explotación laboral en IPS de CDE y se burla de las autoridades – Diario La Clave,1,2026-09-20 21:00:00-03:00,2026-09-20 21:00:00-03:00,15022
340,"Inicio de primavera soleado, luego lluvia y descenso de la temperatura",1,2026-09-20 21:00:00-03:00,2026-09-20 21:00:00-03:00,15023
341,HAMBRE CERO: Padres EXIGEN a gobernador LANDY TORRES garantías sobre la CALIDAD del almuerzo escolar,1,2026-09-20 21:00:00-03:00,2026-09-20 21:00:00-03:00,15024
342,Detienen a conductor tras embestir una patrullera durante operativo por polución sonora,1,2026-09-20 21:00:00-03:00,2026-09-20 21:00:00-03:00,15025
343,Candidatura de ROYA TORRES se HUNDE en el LODO de la CORRUPCIÓN que formó su esposo en la comuna de Presidente Franco.,1,2026-09-20 21:00:00-03:00,2026-09-20 21:00:00-03:00,15026
344,CORRUPCION en SANTA RITA: Edgar Torres habría USADO COMBUSTIBLE de la municipalidad para INTERNAS del Partido Colorado,1,2026-09-20 21:00:00-03:00,2026-09-20 21:00:00-03:00,15028
345,Una “PERDIDA” diputada defiende al corrupto Clan Prieto con MENTIRAS sobre el Puente de la Integración.,1,2026-09-20 21:00:00-03:00,2026-09-20 21:00:00-03:00,15029
346,Sportivo Luqueño vence 1-0 a Recoleta FC y cierra la primera rueda del Clausura con un respiro,1,2026-09-20 21:00:00-03:00,2026-09-20 21:00:00-03:00,15030
347,Llegó la primavera: por qué el 21 de septiembre se regalan flores amarillas y qué significa recibirlas,1,2026-09-20 21:00:00-03:00,2026-09-20 21:00:00-03:00,15031
348,El ingreso de la primavera llega acompañado por un frente frío que provocará tormentas severas y marcado descenso térmico,1,2026-09-20 21:00:00-03:00,2026-09-20 21:00:00-03:00,15032
349,"Trabajador muere arrollado por vehículo que no detuvo la marcha, en Mallorquín",1,2026-09-20 21:00:00-03:00,2026-09-20 21:00:00-03:00,15034
350,"Capturan a alias “Pantorcho” con 11 dosis de crack, en el barrio San Vicente de Paul",1,2026-09-20 21:00:00-03:00,2026-09-20 21:00:00-03:00,15035
351,Motociclista muere en Minga Guazú al chocar contra una columna en medio de fuerte lluvia,1,2026-09-20 21:00:00-03:00,2026-09-20 21:00:00-03:00,15036
352,Persecución policial termina con un chofer borracho detenido en el centro de Minga G.,1,2026-09-20 21:00:00-03:00,2026-09-20 21:00:00-03:00,15038
353,"Brasileña intentó hurtar una escalera de su ex patrón en Bo. Obrero, y quedó detenida",1,2026-09-20 21:00:00-03:00,2026-09-20 21:00:00-03:00,15039
354,Más de 1.350 servicios brindados durante el Día de Gobierno en la Calle 12 Acaray,1,2026-09-20 21:00:00-03:00,2026-09-20 21:00:00-03:00,15040
355,El compromiso de la juventud hará florecer al Paraguay,1,2026-09-20 21:00:00-03:00,2026-09-20 21:00:00-03:00,15041
356,LAS PUERTAS DEL AGUA: CÓMO TE HIDRATAS POR DENTRO,1,2026-09-20 21:00:00-03:00,2026-09-20 21:00:00-03:00,15042
357,LA FIBRA SOLUBLE Y SU IMPACTO EN LA SALUD DIGESTIVA,1,2026-09-20 21:00:00-03:00,2026-09-20 21:00:00-03:00,15043
358,MUJERES DEJEN DE ESTAR USANDO LA INTIMIDAD CÓMO CASTIGO,1,2026-09-20 21:00:00-03:00,2026-09-20 21:00:00-03:00,15044
359,DORMIR MAL AFECTA LA FORMA EN QUE PROCESAMOS LA GLUCOSA,1,2026-09-20 21:00:00-03:00,2026-09-20 21:00:00-03:00,15045
360,EL DENARIO DIEZMO DE LA POLITIQUERÍA PARAGUAYA,1,2026-09-20 21:00:00-03:00,2026-09-20 21:00:00-03:00,15046
361,Luis Fernando Camacho jura como embajador de Bolivia en Paraguay y promete impulsar salida al mar por Puerto Busch - Amambay News,1,2026-09-20 21:00:00-03:00,2026-09-20 21:00:00-03:00,15049
362,Odontólogo fue detenido por realizar maniobras peligrosas en PJC - Amambay News,1,2026-09-20 21:00:00-03:00,2026-09-20 21:00:00-03:00,15050
363,Aprehenden a funcionario público denunciado por violencia familiar en PJC - Amambay News,1,2026-09-20 21:00:00-03:00,2026-09-20 21:00:00-03:00,15051
364,Aprehenden a un odontólogo por maniobras peligrosas,1,2026-09-20 21:00:00-03:00,2026-09-20 21:00:00-03:00,15052
365,Una camioneta vuelca tras impactar contra una columna de la ANDE,1,2026-09-20 21:00:00-03:00,2026-09-20 21:00:00-03:00,15053
366,Un motociclista muere tras chocar contra un cono de señalización en Cerro Corá,1,2026-09-20 21:00:00-03:00,2026-09-20 21:00:00-03:00,15054
367,Mariscal Estigarribia e Independiente avanzan a la final en la Liga Deportiva del Amambay 2026,1,2026-09-20 21:00:00-03:00,2026-09-20 21:00:00-03:00,15055
369,Ocho hinchas de Olimpia dieron positivo al alcotest durante operativo en el Defensores - OviedoPress,1,2026-09-20 21:00:00-03:00,2026-09-20 21:00:00-03:00,15063
371,Jonathan Fabbro pide regresar a Paraguay para cumplir el resto de su condena - OviedoPress,1,2026-09-20 21:00:00-03:00,2026-09-20 21:00:00-03:00,15066
372,Más de 25.000 personas fueron deportadas por EEUU a terceros países - OviedoPress,1,2026-09-20 21:00:00-03:00,2026-09-20 21:00:00-03:00,15068
373,"Esperanza, belleza y talento que brillan en las Olimpiadas Estudiantiles",1,2026-09-20 21:00:00-03:00,2026-09-20 21:00:00-03:00,15069
374,Pilar reunió a jóvenes artistas en la XXXII edición del Festival del País,1,2026-09-20 21:00:00-03:00,2026-09-20 21:00:00-03:00,15070
375,PGN 2027: más gasto bajo presión fiscal - QAP CHACO NEWS,1,2026-09-20 21:00:00-03:00,2026-09-20 21:00:00-03:00,15071
376,Faenan una vaca preñada en estancia de San Carlos del Apa - Concepción al Día,1,2026-09-20 21:00:00-03:00,2026-09-20 21:00:00-03:00,15073
379,“CAZAN” CAMIONETAS EN ITAPÚA Y LAS ESCONDEN EN CAAZAPÁ,1,2026-09-20 21:00:00-03:00,2026-09-20 21:00:00-03:00,15077
380,TRES ENCAPUCHADOS ENTRAN A UN MINIMERCADO Y SE LLEVAN G. 2 MILLONES,1,2026-09-20 21:00:00-03:00,2026-09-20 21:00:00-03:00,15078
381,"EN 20 MINUTOS, SE ROBARON SU AUTO ESTACIONADO FRENTE A SU CASA",1,2026-09-20 21:00:00-03:00,2026-09-20 21:00:00-03:00,15079
382,"EMPLEO, INDUSTRIAS Y ADULTOS MAYORES MARCAN LA VISIÓN DE FUTURO PARA CAMBYRETÁ",1,2026-09-20 21:00:00-03:00,2026-09-20 21:00:00-03:00,15080
383,APREHENDEN A UN HOMBRE TRAS ATAQUE CON MACHETE EN CAMBYRETÁ,1,2026-09-20 21:00:00-03:00,2026-09-20 21:00:00-03:00,15082
385,Padres toman escuela en Capiatá por despojo de rubros docentes y falta de director,1,2026-09-20 21:00:00-03:00,2026-09-20 21:00:00-03:00,15087
387,Investigan terrible asesinato: joven fue encontrado muerto con una mano amputada,1,2026-09-20 21:00:00-03:00,2026-09-20 21:00:00-03:00,15089
388,Hombre irrumpe en vivienda de su expareja y corta el suministro eléctrico con un machetillo en San Juan del Paraná,1,2026-09-20 21:00:00-03:00,2026-09-20 21:00:00-03:00,15092
389,Hombre con dos órdenes de captura por hurto agravado es detenido tras agredir a su pareja en Tomás Romero Pereira,1,2026-09-20 21:00:00-03:00,2026-09-20 21:00:00-03:00,15093
390,Conductor en presunto estado de ebriedad es aprehendido por escándalo y resistencia en barrio San Roque,1,2026-09-20 21:00:00-03:00,2026-09-20 21:00:00-03:00,15096
391,Persecución tras asalto termina con un detenido y una camioneta recuperada en María Auxiliadora,1,2026-09-20 21:00:00-03:00,2026-09-20 21:00:00-03:00,15101
392,"Color, Baile y Alegría marcaron la celebración de la Juventud y la Primavera en Encarnación",1,2026-09-20 21:00:00-03:00,2026-09-20 21:00:00-03:00,15102
393,Historic Adoption Records Open Path To Finding Family Origins In Paraguay,1,2026-09-20 21:00:00-03:00,2026-09-20 21:00:00-03:00,15106
394,Paraguay’s Maquila Sector Breaks US$1 Billion Barrier In Eight Months Of 2026,1,2026-09-20 21:00:00-03:00,2026-09-20 21:00:00-03:00,15107
395,First Day Of Spring: Day Of Youth And Paraguay's Extraordinary Mburucuyá Flower,1,2026-09-20 21:00:00-03:00,2026-09-20 21:00:00-03:00,15108
396,"Jorge Báez And ""Barrunto"" Take Top Honours At Premios Edda 2026 Theatre Awards",1,2026-09-20 21:00:00-03:00,2026-09-20 21:00:00-03:00,15109
397,Conductor murió en choque frontal en J. Augusto Saldívar: hallaron botellas con olor a cerveza en su vehículo,1,2026-09-20 21:00:00-03:00,2026-09-20 21:00:00-03:00,15111
398,"La Unión Europea busca no quedarse atrás en inteligencia artificial, pero apuesta por una regulación robusta",1,2026-09-20 21:00:00-03:00,2026-09-20 21:00:00-03:00,15113
399,Lunes caluroso con tormentas y máxima de 35 grados: el martes la temperatura bajaría hasta 21 grados,1,2026-09-20 21:00:00-03:00,2026-09-20 21:00:00-03:00,15115
401,Alerta Mafe: estas son las personas reportadas como desaparecidas en los últimos días - Nacionales - ABC Color,1,2026-09-20 21:00:00-03:00,2026-09-20 21:00:00-03:00,15117
402,La primavera también puede cansarnos: el lado B de la estación más celebrada - Estilo de vida - ABC Color,1,2026-09-20 21:00:00-03:00,2026-09-20 21:00:00-03:00,15118
405,La Nación / Ciclón de Encarnación: a 100 años del primer tornado F5 documentado en Sudamérica,1,2026-09-20 21:00:00-03:00,2026-09-20 21:00:00-03:00,15124
406,La Nación / Acevedo apoya giro diplomático con Venezuela y urge renegociar la deuda con PDVSA,1,2026-09-20 21:00:00-03:00,2026-09-20 21:00:00-03:00,15125
407,Funeraria de CDE desvincula a empleados por vivo en TikTok,1,2026-09-20 21:00:00-03:00,2026-09-20 21:00:00-03:00,15127
409,Ortega cuestiona contrato colectivo firmado por Bello a días de las elecciones,1,2026-09-20 21:00:00-03:00,2026-09-20 21:00:00-03:00,15135
411,Diputado niega rebeldía de gobernadores de HC y avala que propongan candidato a la chapa presidencial,1,2026-09-20 21:00:00-03:00,2026-09-20 21:00:00-03:00,15137
413,"Popular / ""Lo más lindo no es ver una sonrisa perfecta: es ver a alguien recuperar las ganas de sonreír""",1,2026-09-20 21:00:00-03:00,2026-09-20 21:00:00-03:00,15139
414,"Popular / ¡Moda, primavera y colores!",1,2026-09-20 21:00:00-03:00,2026-09-20 21:00:00-03:00,15140
415,Popular / (VIDEO) ¡Hesukena! ¿Silvia Flores grabó un ovni?,1,2026-09-20 21:00:00-03:00,2026-09-20 21:00:00-03:00,15141
416,Le metió un feroz soco a inspector de la caminera y huyó,1,2026-09-20 21:00:00-03:00,2026-09-20 21:00:00-03:00,15153
417,Omano prójimo en ruta tras choque vai,1,2026-09-20 21:00:00-03:00,2026-09-20 21:00:00-03:00,15154
418,Banco Atlas: El voto de Ríos saldría esta semana,1,2026-09-20 21:00:00-03:00,2026-09-20 21:00:00-03:00,15155
419,"Don Felipe, el “Rey del bollo” que trabaja desde hace 25 años en las calles de San Lorenzo » San Lorenzo PY",1,2026-09-20 21:00:00-03:00,2026-09-20 21:00:00-03:00,15157
420,Bachi Núñez niega crisis en Honor Colorado: “Es una disparidad de opiniones” - Política - ABC Color,1,2026-09-20 21:00:00-03:00,2026-09-20 21:00:00-03:00,15162
421,"El papa León XIV en América del Sur: 11 días, 14 ciudades, 35 discursos y 9 misas - Mundo - ABC Color",1,2026-09-20 21:00:00-03:00,2026-09-20 21:00:00-03:00,15163
423,Senador denuncia “favoritismo fuerte y grosero” hacia Ueno Bank y exige transparencia al BCP - Política - ABC Color,1,2026-09-20 21:00:00-03:00,2026-09-20 21:00:00-03:00,15165
424,Fed subió su tasa: qué impacto podría tener en Paraguay - Economía - ABC Color,1,2026-09-20 21:00:00-03:00,2026-09-20 21:00:00-03:00,15166
425,¿Querés hacer un doctorado en EE.UU.? Becal amplió el plazo para postular a sus becas - Nacionales - ABC Color,1,2026-09-20 21:00:00-03:00,2026-09-20 21:00:00-03:00,15167
426,Blanca Ovelar cuestiona la cifra del padrón: “Hay una inconsistencia” - Política - ABC Color,1,2026-09-20 21:00:00-03:00,2026-09-20 21:00:00-03:00,15168
427,"Munich, tradición que se transforma - Negocios - ABC Color",1,2026-09-20 21:00:00-03:00,2026-09-20 21:00:00-03:00,15169
428,Google Book: la computadora portátil que se integra con Android y estrena un cursor con IA - Tecnología - ABC Color,1,2026-09-20 21:00:00-03:00,2026-09-20 21:00:00-03:00,15170
429,Kaffe’i consolida a Paraguay entre las 100 mejores cafeterías de Sudamérica - Gastronomía - ABC Color,1,2026-09-20 21:00:00-03:00,2026-09-20 21:00:00-03:00,15171
430,"Fiordland, Nueva Zelanda: fiordos, bosques lluviosos y rutas entre montañas - Viajes - ABC Color",1,2026-09-20 21:00:00-03:00,2026-09-20 21:00:00-03:00,15172
431,Comunidades rurales de Lima se unen mediante el deporte y reclaman un polideportivo - Nacionales - ABC Color,1,2026-09-20 21:00:00-03:00,2026-09-20 21:00:00-03:00,15173
432,Orquesta de Cateura participa en dos actividades con proyectos independientes,1,2026-09-20 21:00:00-03:00,2026-09-20 21:00:00-03:00,15175
433,Concierto de primavera en el Teatro Municipal,1,2026-09-20 21:00:00-03:00,2026-09-20 21:00:00-03:00,15176
434,Ñande Impro reúne en Asunción a figuras internacionales del teatro sin guion,1,2026-09-20 21:00:00-03:00,2026-09-20 21:00:00-03:00,15177
435,Maluma anunció el nacimiento de su segundo bebé,1,2026-09-20 21:00:00-03:00,2026-09-20 21:00:00-03:00,15178
436,Hay dudas de si Lady Gaga estuvo embarazada,1,2026-09-20 21:00:00-03:00,2026-09-20 21:00:00-03:00,15179
437,Amanda Seyfried y Thomas Sadoski se separan luego de casi 10 años de matrimonio,1,2026-09-20 21:00:00-03:00,2026-09-20 21:00:00-03:00,15181
438,Vinicius Jr. se compromete con su novia tras un año de relación,1,2026-09-20 21:00:00-03:00,2026-09-20 21:00:00-03:00,15182
440,La Nación / Emiratos Árabes Unidos adquiere productos paraguayos para asistir al pueblo colombiano,1,2026-09-20 21:00:00-03:00,2026-09-20 21:00:00-03:00,15185
442,La Nación / Funcionarios de municipio fernandino denuncian cuatro meses de atraso salarial,1,2026-09-20 21:00:00-03:00,2026-09-20 21:00:00-03:00,15188
444,La Nación / ¡Marc Anthony hizo esto por su hijo paraguayo y sorprendió en Las Vegas!,1,2026-09-20 21:00:00-03:00,2026-09-20 21:00:00-03:00,15191
447,BMW lleva la historia de Neue Klasse a una muestra en Asunción antes de lanzar su nuevo modelo,1,2026-09-20 21:00:00-03:00,2026-09-20 21:00:00-03:00,15195
448,Grupo Luminotecnia celebra 35 años de trayectoria e impacto en la industria paraguaya,1,2026-09-20 21:00:00-03:00,2026-09-20 21:00:00-03:00,15196
449,España entra en el radar de los grandes inversores internacionales,1,2026-09-20 21:00:00-03:00,2026-09-20 21:00:00-03:00,15197
450,Compró bebidas alcohólicas de tarjeta robada y quedó detenido,1,2026-09-20 21:00:00-03:00,2026-09-20 21:00:00-03:00,15198
451,Flores amarillas: por qué se regalan cada 21 de setiembre,1,2026-09-20 21:00:00-03:00,2026-09-20 21:00:00-03:00,15204
452,Rock en Py Fest 2026 confirma su quinta edición,1,2026-09-20 21:00:00-03:00,2026-09-20 21:00:00-03:00,15207
454,Advierten que dudas de opositores afectarían negativamente en la participación en las municipales - ADN Digital,1,2026-09-20 21:00:00-03:00,2026-09-20 21:00:00-03:00,15210
455,"A Ricardo Estigarribia no se lo conoce fuera de Central, según ex diputado liberal - ADN Digital",1,2026-09-20 21:00:00-03:00,2026-09-20 21:00:00-03:00,15212
458,Maratón de Cirugías del IPS Ciudad del Este concluyó con 213 procedimientos a 181 pacientes,1,2026-09-20 21:00:00-03:00,2026-09-20 21:00:00-03:00,15217
459,MADES fortalece capacidades institucionales ante posibles impactos de El Niño en Paraguay,1,2026-09-20 21:00:00-03:00,2026-09-20 21:00:00-03:00,15219
460,Corte confirma nuevo juicio para médico acusado por muerte de exmodelo Paola Gaete,1,2026-09-20 21:00:00-03:00,2026-09-20 21:00:00-03:00,15220
461,Incautan tanques de 45.000 litros en depósito vinculado a una maniobra con cheques robados,1,2026-09-20 21:00:00-03:00,2026-09-20 21:00:00-03:00,15222
462,Popular / (VIDEO) ¡Se descaderó en medio de su concierto!,1,2026-09-20 21:00:00-03:00,2026-09-20 21:00:00-03:00,15223
463,Popular / ¡Guada González contó lo que Juan Iturbe le hizo perder!,1,2026-09-20 21:00:00-03:00,2026-09-20 21:00:00-03:00,15224
465,Joven salteño vende sopa paraguaya con la receta que le dio su abuela,1,2026-09-20 21:00:00-03:00,2026-09-20 21:00:00-03:00,15226
466,Joven armó un sarambi y atacó a piedrazos el negocio de su novio de 56 años,1,2026-09-20 21:00:00-03:00,2026-09-20 21:00:00-03:00,15227
467,Borracho al volante armó desastre y terminó por una muralla,1,2026-09-20 21:00:00-03:00,2026-09-20 21:00:00-03:00,15229
468,¿Hasta qué edad lo que somos jóvenes?,1,2026-09-20 21:00:00-03:00,2026-09-20 21:00:00-03:00,15230
470,¡Cháke! Boca estaría vicheando a Delmás,1,2026-09-20 21:00:00-03:00,2026-09-20 21:00:00-03:00,15233
471,"¡Oita paraguayito! Compatriota ligó premiazo en el NY Fashion Week, apenami",1,2026-09-20 21:00:00-03:00,2026-09-20 21:00:00-03:00,15234
472,Tatácho al volante ojapo sarambi en Luque,1,2026-09-20 21:00:00-03:00,2026-09-20 21:00:00-03:00,15237
473,[VIDEO] ¿Ya viste cómo le quedaron los cuadraditos a la maína? 😍,1,2026-09-20 21:00:00-03:00,2026-09-20 21:00:00-03:00,15238
474,[VIDEO] ¿Cómo recibías la primavera en tu infancia?,1,2026-09-20 21:00:00-03:00,2026-09-20 21:00:00-03:00,15239
476,Roce de vehículos casi termina en una balacera de novela,1,2026-09-20 21:00:00-03:00,2026-09-20 21:00:00-03:00,15241
477,"Estructura de ""Tío Rico"" manejaba depósitos en Limpio, Mariano Roque Alonso y Villeta - El Observador",1,2026-09-20 21:00:00-03:00,2026-09-20 21:00:00-03:00,15242
478,"Tras audio de “Naio” Ziet, colorados muestran unidad en torno a Ramírez en Pdte. Franco – Diario La Clave",1,2026-09-20 21:00:00-03:00,2026-09-20 21:00:00-03:00,15243
479,"Incautan droga, arma y detienen a un hombre durante allanamiento de bodega – Diario La Clave",1,2026-09-20 21:00:00-03:00,2026-09-20 21:00:00-03:00,15244
480,Cuatro personas mueren en accidentes durante el fin de semana en Alto Paraná – Diario La Clave,1,2026-09-20 21:00:00-03:00,2026-09-20 21:00:00-03:00,15245
481,Banda de Grindr dio otro golpe a un extranjero en San Rafael,1,2026-09-20 21:00:00-03:00,2026-09-20 21:00:00-03:00,15246
482,Una influencer brasileña es asesinada a balazos a pocos días de salir de la cárcel - Amambay News,1,2026-09-20 21:00:00-03:00,2026-09-20 21:00:00-03:00,15249
483,Desbandada en Inglaterra - Amambay News,1,2026-09-20 21:00:00-03:00,2026-09-20 21:00:00-03:00,15250
485,"Bachi Núñez minimiza la tensión en Honor Colorado: “Hay disparidad de opiniones, pero terminará en coincidencias” - Amambay News",1,2026-09-20 21:00:00-03:00,2026-09-20 21:00:00-03:00,15253
486,¡Las Guerreras se llevan la plata y el pasaje a los Panamericanos Lima 2027! - Amambay News,1,2026-09-20 21:00:00-03:00,2026-09-20 21:00:00-03:00,15254
487,Frontier Security: presenta el Informe policial del Departamento de Amambay - Amambay News,1,2026-09-20 21:00:00-03:00,2026-09-20 21:00:00-03:00,15260
488,"Primavera llega con calor, pero tormentas cambiarán el tiempo en Coronel Oviedo - OviedoPress",1,2026-09-20 21:00:00-03:00,2026-09-20 21:00:00-03:00,15263
489,"Juventud ovetense tendrá teatro, formación y actividades comunitarias durante septiembre - OviedoPress",1,2026-09-20 21:00:00-03:00,2026-09-20 21:00:00-03:00,15264
490,Exlimpiadora del Hospital de Coronel Oviedo denuncia despido y reclama el pago de su último salario - OviedoPress,1,2026-09-20 21:00:00-03:00,2026-09-20 21:00:00-03:00,15265
491,Joven fue detenido y habría confesado participación en homicidio en Paso Yobái - OviedoPress,1,2026-09-20 21:00:00-03:00,2026-09-20 21:00:00-03:00,15266
492,Alemán Cué anuncia cierre de la ruta PY05 por reclamo de tierras - Concepción al Día,1,2026-09-20 21:00:00-03:00,2026-09-20 21:00:00-03:00,15267
493,«MI SENADO»: AHORA VAS A PODER VER QUÉ HACEN LOS SENADORES EN TIEMPO REAL,1,2026-09-20 21:00:00-03:00,2026-09-20 21:00:00-03:00,15269
494,DESPLIEGAN OPERATIVO PARA PROTEGER MIGRACIÓN DE CARDÚMENES EN EL RÍO PARANÁ,1,2026-09-20 21:00:00-03:00,2026-09-20 21:00:00-03:00,15270
496,Roban una camioneta en Coronel Bogado y la recuperan en una zona boscosa de Caazapá,1,2026-09-20 21:00:00-03:00,2026-09-20 21:00:00-03:00,15274
497,Aspirantes a Suboficiales de la Policía celebran la primavera y la juventud con competencias deportivas en Itapúa,1,2026-09-20 21:00:00-03:00,2026-09-20 21:00:00-03:00,15275
498,Fiebre de la Flor Amarilla se instala en la Plaza de Armas de Encarnación,1,2026-09-20 21:00:00-03:00,2026-09-20 21:00:00-03:00,15276
499,Mades hace vista gorda a transformadores de la ANDE en evidente estado de contaminación en San Lorenzo,1,2026-09-20 21:00:00-03:00,2026-09-20 21:00:00-03:00,15280
500,Semana de celebraciones por el aniversario 43° de Tomás Romero Pereira - Viajes - ABC Color,1,2026-09-20 21:00:00-03:00,2026-09-20 21:00:00-03:00,15286
502,Plaza remodelada tendrá un anfiteatro y mural con nombres de los desaparecidos,1,2026-09-20 21:00:00-03:00,2026-09-20 21:00:00-03:00,15289
505,"La Nación / Hugo Javier no está en condiciones de declarar ante la Fiscalía, según su abogado",1,2026-09-20 21:00:00-03:00,2026-09-20 21:00:00-03:00,15293
506,"Importación de flores en Paraguay crece 60% y alcanza US$ 3,84 millones",1,2026-09-20 21:00:00-03:00,2026-09-20 21:00:00-03:00,15295
509,Un agente de la Caminera ho’u iparte en un control,1,2026-09-20 21:00:00-03:00,2026-09-20 21:00:00-03:00,15304
510,Robó el auto de un futbolista de la selección Pynandi,1,2026-09-20 21:00:00-03:00,2026-09-20 21:00:00-03:00,15305
511,El asfaltado de la ruta D065 entre San Cristóbal y Juan E. O’Leary avanza tras décadas de reclamos,1,2026-09-20 21:00:00-03:00,2026-09-20 21:00:00-03:00,15307
512,"Malviviente ingresa en comercio se lleva dinero, prendas y otros objetos",1,2026-09-20 21:00:00-03:00,2026-09-20 21:00:00-03:00,15309
513,Trump comenta su veto a CNN y a otros medios en la Casa Blanca - Amambay News,1,2026-09-20 21:00:00-03:00,2026-09-20 21:00:00-03:00,15310
514,Fiscalía concluyó que se determinó en juicio la falsedad del título de abogado de Hernán Rivas - Amambay News,1,2026-09-20 21:00:00-03:00,2026-09-20 21:00:00-03:00,15311
515,Dólar: así arrancó la cotización esta semana - Economía - ABC Color,1,2026-09-20 21:00:00-03:00,2026-09-20 21:00:00-03:00,15313
520,Abasto Este y Abasto Norte reciben la primavera con colorido paseo de las flores - Negocios - ABC Color,1,2026-09-20 21:00:00-03:00,2026-09-20 21:00:00-03:00,15318
521,Senado tratará pensión para la madre de Rodrigo Quintana y podría quedar sancionada - Política - ABC Color,1,2026-09-20 21:00:00-03:00,2026-09-20 21:00:00-03:00,15320
522,Diego Rodríguez apuesta por una Junta Municipal más cercana a los sectores olvidados - OviedoPress,1,2026-09-20 21:00:00-03:00,2026-09-20 21:00:00-03:00,15321
523,México: Sheinbaum atribuye a “injerencia” extranjera la violencia desatada en Sinaloa - Mundo - ABC Color,1,2026-09-20 21:00:00-03:00,2026-09-20 21:00:00-03:00,15322
524,Ciertas infecciones durante el embarazo se asocian con un mayor riesgo de discapacidad - Ciencia - ABC Color,1,2026-09-20 21:00:00-03:00,2026-09-20 21:00:00-03:00,15323
525,"¿Las parejas LGBT+ son menos estables? Mitos, evidencia y factores que sí influyen - Sexualidad - ABC Color",1,2026-09-20 21:00:00-03:00,2026-09-20 21:00:00-03:00,15324
526,"Orlando Gill y Meli Ávalos, enamorados en París - Gente - ABC Color",1,2026-09-20 21:00:00-03:00,2026-09-20 21:00:00-03:00,15325
527,Mirtha Legrand evoluciona favorablemente y seguirá internada - Gente - ABC Color,1,2026-09-20 21:00:00-03:00,2026-09-20 21:00:00-03:00,15326
528,Yolanda Park en el Día Mundial del Alzhéimer: “Duele en el alma ver cómo tu ser querido se va perdiendo” - Gente - ABC Color,1,2026-09-20 21:00:00-03:00,2026-09-20 21:00:00-03:00,15327
529,"El río Paraná alcanza 3,67 m y proyectan descenso en Ayolas - Nacionales - ABC Color",1,2026-09-20 21:00:00-03:00,2026-09-20 21:00:00-03:00,15328
530,Juicio de Miguel Prieto: Defensas cuestionan a fiscal por su falta de objetividad - Política - ABC Color,1,2026-09-20 21:00:00-03:00,2026-09-20 21:00:00-03:00,15329
531,PGN 2027: Salud tendrá más recursos pese a limitada ejecución 2026 - Economía - ABC Color,1,2026-09-20 21:00:00-03:00,2026-09-20 21:00:00-03:00,15330
532,Pisa: Las tres claves que Paraguay ignora para transformar su sistema educativo - Nacionales - ABC Color,1,2026-09-20 21:00:00-03:00,2026-09-20 21:00:00-03:00,15331
533,Diputado respalda veredicto de HC sobre Baruja y Beto compara dupla con el matrimonio,1,2026-09-20 21:00:00-03:00,2026-09-20 21:00:00-03:00,15333
534,"Ex marido de Lindsay Clancy habla por primera vez: ""Estoy seguro de que hay cosas que no vi""",1,2026-09-20 21:00:00-03:00,2026-09-20 21:00:00-03:00,15336
535,Sospechoso del caso Madeleine admite que estaba a metros de la niña antes de su desaparición,1,2026-09-20 21:00:00-03:00,2026-09-20 21:00:00-03:00,15338
536,"La Nación / Eventos y promoción internacional impulsan el crecimiento del turismo, destacan",1,2026-09-20 21:00:00-03:00,2026-09-20 21:00:00-03:00,15342
538,La Nación / LN PM: edición del 21 de setiembre,1,2026-09-20 21:00:00-03:00,2026-09-20 21:00:00-03:00,15344
539,La Nación / De Asunción a Berlín: la paraguaya que trabaja con las figuras de los famosos,1,2026-09-20 21:00:00-03:00,2026-09-20 21:00:00-03:00,15346
540,La Nación / MAG entrega implementos agrícolas por más de G. 700 millones a productores de Eugenio A. Garay,1,2026-09-20 21:00:00-03:00,2026-09-20 21:00:00-03:00,15348
542,La Nación / “Ni un ramo de manzanilla”: los mejores memes de quienes no recibieron flores amarillas,1,2026-09-20 21:00:00-03:00,2026-09-20 21:00:00-03:00,15350
543,Diario HOY | Dos senadores de “Primera División” le presumen su antigüedad a César Sosa,1,2026-09-20 21:00:00-03:00,2026-09-20 21:00:00-03:00,15351
544,"CAMBYRETÁ CRECE, PERO ¿ESTÁ PREPARADO PARA EL SALTO?",1,2026-09-20 21:00:00-03:00,2026-09-20 21:00:00-03:00,15354
545,"AGUAS DANZANTES, BUS TURÍSTICO Y LA RECUPERACIÓN DE LA ZONA BAJA: LAS PROPUESTAS DE NOVOSAD",1,2026-09-20 21:00:00-03:00,2026-09-20 21:00:00-03:00,15355
546,"¿Una moneda, dos lados, o más?",1,2026-09-20 21:00:00-03:00,2026-09-20 21:00:00-03:00,15356
547,La IA acelera más rápido que la economía que debe sostenerla,1,2026-09-20 21:00:00-03:00,2026-09-20 21:00:00-03:00,15357
548,"Hortipar 2026 presenta nuevas tecnologías, cultivos y su primer congreso internacional",1,2026-09-20 21:00:00-03:00,2026-09-20 21:00:00-03:00,15358
549,Paraguay atrae más capital extranjero y cambia su perfil de inversión,1,2026-09-20 21:00:00-03:00,2026-09-20 21:00:00-03:00,15359
550,SENADOR IGNACIO IRAMAIN. PREMIO “ANTORCHA DE LA LIBERTAD” 2026 DE RADIO LIBRE 1200AM,1,2026-09-20 21:00:00-03:00,2026-09-20 21:00:00-03:00,15361
551,Dos minutos de ejercicio ayudan a mejorar la concentraciÃ³n,1,2026-09-20 21:00:00-03:00,2026-09-20 21:00:00-03:00,15368
552,Ágata Brozón lleva a Paraguay al podio en el Latinoamericano de Ajedrez - ADN Digital,1,2026-09-20 21:00:00-03:00,2026-09-20 21:00:00-03:00,15371
553,Comisión investigará deudas y pagos selectivos en IPS y Salud - ADN Digital,1,2026-09-20 21:00:00-03:00,2026-09-20 21:00:00-03:00,15372
554,El Gobierno yemení frena el avance hutí en Taiz y Marib,1,2026-09-20 21:00:00-03:00,2026-09-20 21:00:00-03:00,15376
555,Tata Martino respaldó la continuidad de Alfaro y analizó el futuro de Paraguay,1,2026-09-20 21:00:00-03:00,2026-09-20 21:00:00-03:00,15377
556,¿Qué hace el Estado cuando todos tienen razón?,1,2026-09-20 21:00:00-03:00,2026-09-20 21:00:00-03:00,15379
557,"Popular / Vane Domínguez: ""El paraguayo no sabe lo que tiene""",1,2026-09-20 21:00:00-03:00,2026-09-20 21:00:00-03:00,15381
558,"Popular / ¡""Kili"" Rojas y Natty Balbuena ya laburan juntos!",1,2026-09-20 21:00:00-03:00,2026-09-20 21:00:00-03:00,15382
559,"AUNQUE EL CANDIDATO NO QUIERE QUE PARTICIPEMOS DE LA CAMPAÑA, YO QUIERO QUE GANE LA LISTA 1 EN CIUDAD DEL ESTE.",1,2026-09-20 21:00:00-03:00,2026-09-20 21:00:00-03:00,15383
560,Oniria obtiene su primer Gallo de Oro | Diario Paraguayo,1,2026-09-20 21:00:00-03:00,2026-09-20 21:00:00-03:00,15387
561,Mass Publicidad gana su cuarto Gallo de Oro | Diario Paraguayo,1,2026-09-20 21:00:00-03:00,2026-09-20 21:00:00-03:00,15388
562,Inter Miami empata 2-2 con San Diego en la MLS | Diario Paraguayo,1,2026-09-20 21:00:00-03:00,2026-09-20 21:00:00-03:00,15391
563,Tirzepatida: marco legal tributario y medicamentos | Diario Paraguayo,1,2026-09-20 21:00:00-03:00,2026-09-20 21:00:00-03:00,15395
564,Boca vence a San Lorenzo y mantiene buen desempeño | Diario Paraguayo,1,2026-09-20 21:00:00-03:00,2026-09-20 21:00:00-03:00,15396
565,Raphinha lidera goleadores de La Liga tras 7 jornadas | Diario Paraguayo,1,2026-09-20 21:00:00-03:00,2026-09-20 21:00:00-03:00,15397
566,¡Sanie y Rubén celebran los 23 años con Vive la Vida!,1,2026-09-20 21:00:00-03:00,2026-09-20 21:00:00-03:00,15402
567,Malala Olitte dijo que su “error” fue ser “sincera” con Vane Nicole,1,2026-09-20 21:00:00-03:00,2026-09-20 21:00:00-03:00,15403
568,Kiara Coronel festeja los 2 años de TF Stream: “Somos los únicos con conductores preparados”,1,2026-09-20 21:00:00-03:00,2026-09-20 21:00:00-03:00,15404
569,Diputada festejó el cumple de su perrita: “Es mi vida”,1,2026-09-20 21:00:00-03:00,2026-09-20 21:00:00-03:00,15405
570,[VIDEO] ¡Chake jagua! Nutridiego fue perseguido por firu en plena competencia,1,2026-09-20 21:00:00-03:00,2026-09-20 21:00:00-03:00,15406
571,Viajó para comprar un terreno pero le asaltaron por el camino,1,2026-09-20 21:00:00-03:00,2026-09-20 21:00:00-03:00,15407
572,[VÍDEO] “¡Esẽpy upégui!” Le gritó Messi a Galarza,1,2026-09-20 21:00:00-03:00,2026-09-20 21:00:00-03:00,15408
573,[VIDEO] Cantante reveló lo que le dicen las chicas,1,2026-09-20 21:00:00-03:00,2026-09-20 21:00:00-03:00,15409
574,Mirá la emotiva carta que el “Kaku” recibió de sus hijos,1,2026-09-20 21:00:00-03:00,2026-09-20 21:00:00-03:00,15411
575,[VIDEO] Transformó su auto en mini discoteca y fascina a los pasajeros,1,2026-09-20 21:00:00-03:00,2026-09-20 21:00:00-03:00,15413
576,[VÍDEO] El Judo con doblete de bronce en los Odesur,1,2026-09-20 21:00:00-03:00,2026-09-20 21:00:00-03:00,15415
577,"Tape Porã, contaminación e impunidad ante un Ministerio Público inoperante – Diario La Clave",1,2026-09-20 21:00:00-03:00,2026-09-20 21:00:00-03:00,15417
578,Ratero con más de una docena de antecedentes es otra vez detenido,1,2026-09-20 21:00:00-03:00,2026-09-20 21:00:00-03:00,15418
579,Fundación Tesãi fortalece su liderazgo en nutrición clínica con participación en Congreso Internacional ESPEN 2026,1,2026-09-20 21:00:00-03:00,2026-09-20 21:00:00-03:00,15419
580,Caso Tía Chela: tensión en pleno juicio entre fiscal y defensa de Miguel Prieto - Amambay News,1,2026-09-20 21:00:00-03:00,2026-09-20 21:00:00-03:00,15421
581,La Carreta cumple 10 años: una década construyendo su historia gastronómica en Concepción - Concepción al Día,1,2026-09-20 21:00:00-03:00,2026-09-20 21:00:00-03:00,15423
582,Hurtan automóvil estacionado frente a un inquilinato en Villa del Maestro,1,2026-09-20 21:00:00-03:00,2026-09-20 21:00:00-03:00,15425
583,Un exoplaneta “rebelde” desafía lo esperado y orbita en sentido contrario a su estrella - Ciencia - ABC Color,1,2026-09-20 21:00:00-03:00,2026-09-20 21:00:00-03:00,15428
585,Pagos de setiembre: MEF dio a conocer fechas de acreditación de salarios y beneficios sociales - Economía - ABC Color,1,2026-09-20 21:00:00-03:00,2026-09-20 21:00:00-03:00,15430
587,La Nación / ¡Paul Landó bajó 23 kilos y reveló cómo logró su impresionante cambio físico!,1,2026-09-20 21:00:00-03:00,2026-09-20 21:00:00-03:00,15435
588,Elecciones en Brasil: qué pasa con la inversión brasileña en Paraguay,1,2026-09-20 21:00:00-03:00,2026-09-20 21:00:00-03:00,15436
589,Vecinos de Molino de Luque denuncian ola de robos,1,2026-09-20 21:00:00-03:00,2026-09-20 21:00:00-03:00,15437
590,Vivero de Tekotopa registra afluencia masiva y ya entregó más de 60.000 plantines - ADN Digital,1,2026-09-20 21:00:00-03:00,2026-09-20 21:00:00-03:00,15442
591,"Casamiento y casa propia ya no están entre las prioridades de los jóvenes, afirman",1,2026-09-20 21:00:00-03:00,2026-09-20 21:00:00-03:00,15443
593,Preocupa el termómetro del gigante,1,2026-09-20 21:00:00-03:00,2026-09-20 21:00:00-03:00,15446
594,Hugo Javier no se cayó solo,1,2026-09-20 21:00:00-03:00,2026-09-20 21:00:00-03:00,15447
595,"Popular / (VIDEO) ¡Fio Migliore contó cómo se llamará su segunda ""bendi""!",1,2026-09-20 21:00:00-03:00,2026-09-20 21:00:00-03:00,15448
596,Popular / ¡Celebraron su boda de plata!,1,2026-09-20 21:00:00-03:00,2026-09-20 21:00:00-03:00,15449
597,Las chicas albirrojas irán por la medalla de bronce,1,2026-09-20 21:00:00-03:00,2026-09-20 21:00:00-03:00,15452
598,Defensa de Rivas considera excesiva la pena solicitada de 12 años - El Observador,1,2026-09-20 21:00:00-03:00,2026-09-20 21:00:00-03:00,15453
599,"Juicio oral a ex intendente Prieto por caso ""Tía Chela"" entró en etapa probatoria - El Observador",1,2026-09-20 21:00:00-03:00,2026-09-20 21:00:00-03:00,15454
600,Tonny Sanabria se queda sin DT en Inter de Porto Alegre - Amambay News,1,2026-09-20 21:00:00-03:00,2026-09-20 21:00:00-03:00,15457
601,Incineran más de cuatro toneladas de marihuana en Pedro Juan halladas en Capitán Bado,1,2026-09-20 21:00:00-03:00,2026-09-20 21:00:00-03:00,15460
603,Líderes de 22 países e instituciones reclaman supervisión humana para la IA - Tecnología - ABC Color,1,2026-09-20 21:00:00-03:00,2026-09-20 21:00:00-03:00,15465
604,Por qué algunos Malinois desarrollan conductas difíciles - Mascotas - ABC Color,1,2026-09-20 21:00:00-03:00,2026-09-20 21:00:00-03:00,15466
605,Guarambaré: atrapan a presuntos implicados en crimen ocurrido tras un partido de fútbol - Policiales - ABC Color,1,2026-09-20 21:00:00-03:00,2026-09-20 21:00:00-03:00,15467
606,Crecida del Paraná pone en riesgo a pequeños ganaderos en Cerrito - Economía - ABC Color,1,2026-09-20 21:00:00-03:00,2026-09-20 21:00:00-03:00,15468
607,Manifestantes cierran la ruta San Cosme-Ayolas y exigen respuesta a la EBY - Nacionales - ABC Color,1,2026-09-20 21:00:00-03:00,2026-09-20 21:00:00-03:00,15469
608,"Hugo Javier sigue mejorando, pero aún no podrá prestar declaración",1,2026-09-20 21:00:00-03:00,2026-09-20 21:00:00-03:00,15471
611,La Nación / Caso muerte de hincha en Guarambaré: caen dos sospechosos durante allanamientos,1,2026-09-20 21:00:00-03:00,2026-09-20 21:00:00-03:00,15477
613,SoftBank lanza emisión récord por más de US$11.000 millones para financiar inversión en OpenAI,1,2026-09-20 21:00:00-03:00,2026-09-20 21:00:00-03:00,15479
614,"Fox News, ABC, CBS y NBC suspenden la cobertura de los actos de Trump tras veto a medios - Amambay News",1,2026-09-20 21:00:00-03:00,2026-09-20 21:00:00-03:00,15483
615,De la Fuente augura que “lo mejor está por llegar” tras prorrogar hasta 2032 - Amambay News,1,2026-09-20 21:00:00-03:00,2026-09-20 21:00:00-03:00,15484
616,Suba de combustible: ¿llegará el aumento a los precios de los supermercados? - Negocios - ABC Color,1,2026-09-20 21:00:00-03:00,2026-09-20 21:00:00-03:00,15486
617,Pacientes con fibrosis pulmonar vuelven a sufrir desabastecimiento en IPS - Nacionales - ABC Color,1,2026-09-20 21:00:00-03:00,2026-09-20 21:00:00-03:00,15487
618,Nicole Sautu cumplió 30 rodeada del amor de Víctor Gavilán y sus cuatro hijos - Gente - ABC Color,1,2026-09-20 21:00:00-03:00,2026-09-20 21:00:00-03:00,15488
619,Senado culmina audiencias y avanza hacia las ternas para la Defensoría del Pueblo - Política - ABC Color,1,2026-09-20 21:00:00-03:00,2026-09-20 21:00:00-03:00,15489
620,Denuncian contaminación por continuas quemazones en vertedero de Campo 9 - Nacionales - ABC Color,1,2026-09-20 21:00:00-03:00,2026-09-20 21:00:00-03:00,15490
621,Elecciones Municipales: La importancia de los observadores - Política - ABC Color,1,2026-09-20 21:00:00-03:00,2026-09-20 21:00:00-03:00,15491
622,San Ignacio: OCM reclama asistencia tras la inundación de campo comunal - Economía - ABC Color,1,2026-09-20 21:00:00-03:00,2026-09-20 21:00:00-03:00,15492
623,Estudiantes presentan conclusiones sobre la educación pública y anuncian audiencia en Diputados,1,2026-09-20 21:00:00-03:00,2026-09-20 21:00:00-03:00,15494
624,"En medio de crisis, pedido de interpelación a ministra de Obras sigue cajoneado por oficialistas",1,2026-09-20 21:00:00-03:00,2026-09-20 21:00:00-03:00,15495
625,"""Lofi Girl"", un fenómeno mundial en YouTube con música relajante",1,2026-09-20 21:00:00-03:00,2026-09-20 21:00:00-03:00,15496
626,La Nación / ¡No es visita! Paraguaya presume que su novio llega a su casa y hace de todo,1,2026-09-20 21:00:00-03:00,2026-09-20 21:00:00-03:00,15498
627,La histórica caravana de Colosos de la Tierra cerró su 15ª expedición tras días de aventura,1,2026-09-20 21:00:00-03:00,2026-09-20 21:00:00-03:00,15500
628,Preocupación ante escalada del precio del combustible,1,2026-09-20 21:00:00-03:00,2026-09-20 21:00:00-03:00,15502
629,Taiwán lanza un organismo intergubernamental internacional de gestión en caso de desastres - ADN Digital,1,2026-09-20 21:00:00-03:00,2026-09-20 21:00:00-03:00,15507
630,Brasil retiene 36 kilos de cabello humano que ingresaron desde Paraguay - ADN Digital,1,2026-09-20 21:00:00-03:00,2026-09-20 21:00:00-03:00,15508
631,Popular / (VIDEO) ¡Venden guiso a lo paraguayoité en salones chuchis de yanquilandia!,1,2026-09-20 21:00:00-03:00,2026-09-20 21:00:00-03:00,15510
632,Figueredo respalda liderazgo de Honor Colorado | Diario Paraguayo,1,2026-09-20 21:00:00-03:00,2026-09-20 21:00:00-03:00,15515
633,“Coto” ya dijo que Delmás es intransferible,1,2026-09-20 21:00:00-03:00,2026-09-20 21:00:00-03:00,15521
634,¿Final de Sudamericana en Brasil?,1,2026-09-20 21:00:00-03:00,2026-09-20 21:00:00-03:00,15522
635,"Guaraní, nuestro ñe’ẽ llama la atención de extranjeros",1,2026-09-20 21:00:00-03:00,2026-09-20 21:00:00-03:00,15523
636,Artista lanzó el top de flores perfectas para quienes tienen más de 40 pirulos,1,2026-09-20 21:00:00-03:00,2026-09-20 21:00:00-03:00,15524
637,Fiscalía pide investigar a auditora del MEC por posible frustración de la persecución penal en el caso Rivas - El Observador,1,2026-09-20 21:00:00-03:00,2026-09-20 21:00:00-03:00,15526
638,"Envían a juicio a Begoña Gómez, esposa del presidente español Pedro Sánchez - Amambay News",1,2026-09-20 21:00:00-03:00,2026-09-20 21:00:00-03:00,15527
639,Récord: casi una rueda perdida - San Lorenzo Hoy,1,2026-09-20 21:00:00-03:00,2026-09-20 21:00:00-03:00,15528
641,MÁS DE 300 PACIENTES FUERON ATENDIDOS EN EL HRE ESTE FIN DE SEMANA,1,2026-09-20 21:00:00-03:00,2026-09-20 21:00:00-03:00,15532
642,Delincuentes ingresan a un comercio y se llevan talonarios de cheques en Cambyretã,1,2026-09-20 21:00:00-03:00,2026-09-20 21:00:00-03:00,15535
643,"El asesino múltiple misionero “Gusano” Menocchio rompió el silencio: habló de su vida en Posadas, los crímenes, sus negocios en Paraguay y los lazos políticos",1,2026-09-20 21:00:00-03:00,2026-09-20 21:00:00-03:00,15537
644,Peña viaja con comitiva de 13 personas a EE.UU.: el decreto no revela cuánto costará la numerosa misión oficial,1,2026-09-20 21:00:00-03:00,2026-09-20 21:00:00-03:00,15538
645,Fretes busca más control a médicos tras reajuste: “No sirve ir a marcar y tomar tereré” - Nacionales - ABC Color,1,2026-09-20 21:00:00-03:00,2026-09-20 21:00:00-03:00,15539
646,"El 18,8 % de la población en edad de trabajar en el mundo usa herramientas de IA - Tecnología - ABC Color",1,2026-09-20 21:00:00-03:00,2026-09-20 21:00:00-03:00,15541
647,Una terapia de células madre dirigidas reduce hasta un 94 % las fracturas por osteoporosis - Estilo de vida - ABC Color,1,2026-09-20 21:00:00-03:00,2026-09-20 21:00:00-03:00,15542
648,Ybycuí: peregrinarán al cerro San José por la beatificación del padre Julio - Nacionales - ABC Color,1,2026-09-20 21:00:00-03:00,2026-09-20 21:00:00-03:00,15546
649,#LaMafiaManda: Tribunal decidirá si mantiene en prisión a exdirectores de la Senad - Nacionales - ABC Color,1,2026-09-20 21:00:00-03:00,2026-09-20 21:00:00-03:00,15547
650,Acceso al país por el Puente de la Amistad se encuentra en deplorable estado por los baches - ABC en el Este - ABC Color,1,2026-09-20 21:00:00-03:00,2026-09-20 21:00:00-03:00,15548
651,"Titular del BCP, Baruja y Marco Riquelme integran la comitiva de Peña en EEUU",1,2026-09-20 21:00:00-03:00,2026-09-20 21:00:00-03:00,15550
652,La última primavera de Cecilia Cubas: A 22 años del secuestro que apagó su vida,1,2026-09-20 21:00:00-03:00,2026-09-20 21:00:00-03:00,15551
653,Video: Intentó robar a un peatón en el Mercado 4 y fue aprehendido,1,2026-09-20 21:00:00-03:00,2026-09-20 21:00:00-03:00,15552
654,Denuncian agresión a candidato a concejal y piden circuito cerrado,1,2026-09-20 21:00:00-03:00,2026-09-20 21:00:00-03:00,15553
655,Advierten que venta de inmuebles no puede financiar fondo de salud de IPS,1,2026-09-20 21:00:00-03:00,2026-09-20 21:00:00-03:00,15554
656,"La IA y los robots, dos aliados en el cuidado de los enfermos de Alzheimer",1,2026-09-20 21:00:00-03:00,2026-09-20 21:00:00-03:00,15555
657,Banco Mundial pide recuperar aprendizajes básicos y evitar abandono escolar,1,2026-09-20 21:00:00-03:00,2026-09-20 21:00:00-03:00,15557
658,Competencia en colegio de Ñemby termina en enfrentamiento entre estudiantes,1,2026-09-20 21:00:00-03:00,2026-09-20 21:00:00-03:00,15559
659,"Biblioteca Nacional: 139 años de memoria, libros y patrimonio",1,2026-09-20 21:00:00-03:00,2026-09-20 21:00:00-03:00,15560
660,"Lady Gaga recurrió a la gestación subrogada, según todos los indicios",1,2026-09-20 21:00:00-03:00,2026-09-20 21:00:00-03:00,15561
661,La Nación / El CCPA y la embajada de EE. UU. lanzan el Premio Freedom 250 de Escultura,1,2026-09-20 21:00:00-03:00,2026-09-20 21:00:00-03:00,15563
662,La Nación / “Ella es la grand favorita”: miss paraguaya causa furor en Tailandia,1,2026-09-20 21:00:00-03:00,2026-09-20 21:00:00-03:00,15564
663,Olimpia se coloca a un punto de la cima apuntando al duelo crucial contra Libertad,1,2026-09-20 21:00:00-03:00,2026-09-20 21:00:00-03:00,15566
664,"El retorno de la ""Pantera"": Sportivo Luqueño triunfa en el reestreno de Lucas Barrios al mando",1,2026-09-20 21:00:00-03:00,2026-09-20 21:00:00-03:00,15567
665,"El dilema de la IA ya no es cómo frenarla, sino quién la controla",1,2026-09-20 21:00:00-03:00,2026-09-20 21:00:00-03:00,15568
666,El futuro de los 482.028,1,2026-09-20 21:00:00-03:00,2026-09-20 21:00:00-03:00,15570
667,"El petróleo cae a US$ 95,5 y abre expectativas tras subas de hasta G. 600 por litro",1,2026-09-20 21:00:00-03:00,2026-09-20 21:00:00-03:00,15571
668,Conflicto en Honor Colorado por declaraciones de César Sosa,1,2026-09-20 21:00:00-03:00,2026-09-20 21:00:00-03:00,15572
669,Paraguay prepara el Congreso Mundial Braford 2028 - ADN Digital,1,2026-09-20 21:00:00-03:00,2026-09-20 21:00:00-03:00,15574
670,Pilar sería el escenario para el juego extra,1,2026-09-20 21:00:00-03:00,2026-09-20 21:00:00-03:00,15576
671,Adolescente Iván sale de terapia intensiva tras ser atropellado al salir del colegio,1,2026-09-20 21:00:00-03:00,2026-09-20 21:00:00-03:00,15577
