threshold,accuracy,precision,recall,f1,tp,fp,fn,tn,label_0_fp,label_0_fp_rate,label_1_fp,label_1_fp_rate
0.5,0.9181818181818182,0.8554913294797688,0.9308176100628931,0.891566265060241,148,25,11,256,9,0.03765690376569038,16,0.38095238095238093
0.55,0.9113636363636364,0.8703703703703703,0.8867924528301887,0.8785046728971962,141,21,18,260,7,0.029288702928870293,14,0.3333333333333333
0.6,0.9022727272727272,0.8717948717948718,0.8553459119496856,0.8634920634920635,136,20,23,261,7,0.029288702928870293,13,0.30952380952380953
0.65,0.8977272727272727,0.8851351351351351,0.8238993710691824,0.8534201954397395,131,17,28,264,6,0.02510460251046025,11,0.2619047619047619
0.7,0.8931818181818182,0.8888888888888888,0.8050314465408805,0.8448844884488449,128,16,31,265,6,0.02510460251046025,10,0.23809523809523808
0.75,0.8909090909090909,0.9111111111111111,0.7735849056603774,0.8367346938775511,123,12,36,269,5,0.02092050209205021,7,0.16666666666666666
0.8,0.8795454545454545,0.9076923076923077,0.7421383647798742,0.8166089965397924,118,12,41,269,5,0.02092050209205021,7,0.16666666666666666
0.85,0.8681818181818182,0.904,0.710691823899371,0.795774647887324,113,12,46,269,5,0.02092050209205021,7,0.16666666666666666
0.9,0.85,0.918918918918919,0.6415094339622641,0.7555555555555555,102,9,57,272,4,0.016736401673640166,5,0.11904761904761904
0.95,0.8136363636363636,0.963855421686747,0.5031446540880503,0.6611570247933884,80,3,79,278,2,0.008368200836820083,1,0.023809523809523808
